Rule ID,Rule,EC number,Reaction order,Diameter,Score,,,
1.1.1.a.1.f,([CH:1]([C:2])([C:3])[OH:4])>>([C:1]([C:2])([C:3])=[O:4]),1.1.1.a.1.f,1,1,doubledirection,,,
1.1.1.a.1.r,([C:1]([C:2])([C:3])=[O:4])>>([CH:1]([C:2])([C:3])[OH:4]),1.1.1.a.1.r,1,1,doubledirection,,,
1.1.1.a.2.f,([CH2:1]([C:2])[OH:3])>>([CH:1]([C:2])=[O:3]),1.1.1.a.2.f,1,1,doubledirection,,,
1.1.1.a.2.r,([CH:1]([C:2])=[O:3])>>([CH2:1]([C:2])[OH:3]),1.1.1.a.2.r,1,1,doubledirection,,,
1.1.1.a.3.f,([CH3:1][OH:2])>>([CH:2]=[O:2]),1.1.1.a.3.f,1,1,doubledirection,,,
1.1.1.a.3.r,([CH:1]=[O:2])>>([CH3:1][OH:2]),1.1.1.a.3.r,1,1,doubledirection,,,
1.1.1.b.1.f,"([OH:1][CH,CH2:2][C:3][C:4][C:5](=[O:6])[C:7])>>([O:1]1[*:2][C:3][C:4][C:5]1([OH:6])[C:7])",1.1.1.b.1.f,1,1,doubledirection,,,
1.1.1.b.1.r,"([O:1]1[CH,CH2:2][C:3][C:4][C:5]1([OH:6])[C:7])>>([OH:1][*:2][C:3][C:4][C:5](=[O:6])[C:7])",1.1.1.b.1.r,1,1,doubledirection,,,
1.1.1.b.2.f,"([OH:1][CH,CH2:2][C:3][C:4][CH:5]=[O:6])>>([O:1]1[*:2][C:3][C:4][CH:5]1[OH:6])",1.1.1.b.2.f,1,1,doubledirection,,,
1.1.1.b.2.r,"([O:1]1[CH,CH2:2][C:3][C:4][CH:5]1[OH:6])>>([OH:1][*:2][C:3][C:4][CH:5]=[O:6])",1.1.1.b.2.r,1,1,doubledirection,,,
1.1.1.c.1.f,"([OH:1][CH,CH2:2][C:3][C:4][C:5][C:6](=[O:7])[C:8])>>([O:1]1[*:2][C:3][C:4][C:5][C:6]1([OH:7])[C:8])",1.1.1.c.1.f,1,1,doubledirection,,,
1.1.1.c.1.r,"([O:1]1[CH,CH2:2][C:3][C:4][C:5][C:6]1([OH:7])[C:8])>>([OH:1][*:2][C:3][C:4][C:5][C:6](=[O:7])[C:8])",1.1.1.c.1.r,1,1,doubledirection,,,
1.1.1.c.2.f,"([OH:1][CH,CH2:2][C:3][C:4][C:5][CH:6]=[O:7])>>([O:1]1[*:2][C:3][C:4][C:5][CH:6]1[OH:7])",1.1.1.c.2.f,1,1,doubledirection,,,
1.1.1.c.2.r,"([O:1]1[CH,CH2:2][C:3][C:4][C:5][CH:6]1[OH:7])>>([OH:1][*:2][C:3][C:4][C:5][CH:6]=[O:7])",1.1.1.c.2.r,1,1,doubledirection,,,
1.1.1.d.1.f,([C:1][C:2](=[O:3])[C:4]([C:5](=[O:6])[OH:7])([OH:8])[CH3:9])>>([C:1]([CH3:9])[C:2]([OH:3])[CH:4]([C:5](=[O:6])[OH:7])[OH:8]),1.1.1.d.1.f,1,1,doubledirection,,,
1.1.1.d.1.r,([C:1]([CH3:9])[C:2]([OH:3])[CH:4]([C:5](=[O:6])[OH:7])[OH:8])>>([C:1][C:2](=[O:3])[C:4]([C:5](=[O:6])[OH:7])([OH:8])[CH3:9]),1.1.1.d.1.r,1,1,doubledirection,,,
1.1.1.d.2.f,([C:1][C:2](=[O:3])[C:4]([C:5](=[O:6])[OH:7])([OH:8])[CH2:9][CH3:10])>>([C:1]([CH2:9][CH3:10])[C:2]([OH:3])[CH:4]([C:5](=[O:6])[OH:7])[OH:8]),1.1.1.d.2.f,1,1,doubledirection,,,
1.1.1.d.2.r,([C:1]([CH2:9][CH3:10])[C:2]([OH:3])[CH:4]([C:5](=[O:6])[OH:7])[OH:8])>>([C:1][C:2](=[O:3])[C:4]([C:5](=[O:6])[OH:7])([OH:8])[CH2:9][CH3:10]),1.1.1.d.2.r,1,1,doubledirection,,,
1.2.1.a.1.f,([CH:1](=[O:2])[C:3].[OH2:4])>>([C:1](=[O:2])([C:3])[OH:4]),1.2.1.a.1.f,1,1,doubledirection,,,
1.2.1.a.1.r,([C:1](=[O:2])([C:3])[OH:4])>>([CH:1](=[O:2])[C:3]),1.2.1.a.1.r,1,1,doubledirection,,,
1.2.1.a.2.f,([CH2:1]=[O:2].[OH2:3])>>([CH:1](=[O:2])[OH:3]),1.2.1.a.2.f,1,1,doubledirection,,,
1.2.1.a.2.r,([CH:1](=[O:2])[OH:3])>>([CH2:1]=[O:2]),1.2.1.a.2.r,1,1,doubledirection,,,
1.3.1.a.1.f,"([C,O,N:1]=[C:2][CH,CH2:3][CH,CH2,CH3:4])>>([*:1]=[C:2][*:3]=[*:4])",1.3.1.a.1.f,1,1,doubledirection,,,
1.3.1.a.1.r,"([C,O,N:1]=[C:2][C:3]=[C:4])>>([*:1]=[C:2][*:3][*:4])",1.3.1.a.1.r,1,1,doubledirection,,,
1.3.1.b.1.f,"([OH:1][C:2](=[O:3])[C:4]1[C:5]=[C:6][CH,CH2:7][C:8]=[C:9]1)>>([O:1]=[C:2]=[O:3].[C:4]1[C:5]=[C:6][*:7]=[C:8][C:9]=1)",1.3.1.b.1.f,1,1,forward,,,
1.3.1.b.1.r,([O:1]=[C:2]=[O:3].[C:4]1[C:5]=[C:6][C:7]=[C:8][C:9]=1)>>([OH:1][C:2](=[O:3])[C:4]1[C:5]=[C:6][C:7][C:8]=[C:9]1),1.3.1.b.2.r,1,1,reverse,,,
1.3.1.c.1.f,"([OH:1][CH,CH2:2]1[C:3]=[C:4]-[C:5]=[C:6][CH,CH2:7]1[OH:8])>>([OH:1][*:2]1[C:3]=[C:4]-[C:5]=[C:6][*:7]=1[OH:8])",1.3.1.c.1.f,1,1,forward,,,
1.3.1.c.1.r,([OH:1][C:2]1[C:3]=[C:4]-[C:5]=[C:6][C:7]=1[OH:8])>>([OH:1][C:2]1[C:3]=[C:4]-[C:5]=[C:6][C:7]1[OH:8]),1.3.1.c.1.r,1,1,reverse,,,
1.3.1.d.1.f,([C:1][C:2]([C:3])=[C:4])>>([C:1][CH:2]([C:3])[*:4]),1.3.1.d.1.f,1,1,doubledirection,,,
1.3.1.d.1.r,"([C:1][CH:2]([C:3])[CH,CH2,CH3:4])>>([C:1][C:2]([C:3])=[*:4])",1.3.1.d.1.r,1,1,doubledirection,,,
1.3.1.e.1.f,"([C:1][C:2]([C,O:3])=[C:4]([C,O,N:5])[C:6])>>([C:1][CH:2]([*:3])[CH:4]([*:5])[C:6])",1.3.1.e.1.f,1,1,doubledirection,,,
1.3.1.e.1.r,"([C:1][CH:2]([C,O:3])[CH:4]([C,O,N:5])[C:6])>>([C:1][C:2]([*:3])=[C:4]([*:5])[C:6])",1.3.1.e.1.r,1,1,doubledirection,,,
1.3.1.e.2.f,"([CH:2]([C,O:3])=[C:4]([C,O,N:5])[C:6])>>([CH2:2]([*:3])[CH:4]([*:5])[C:6])",1.3.1.e.2.f,1,1,doubledirection,,,
1.3.1.e.2.r,"([CH2:2]([C,O:3])[CH:4]([C,O,N:5])[C:6])>>([CH:2]([*:3])=[C:4]([*:5])[C:6])",1.3.1.e.2.r,1,1,doubledirection,,,
1.3.1.e.3.f,"([C:1][C:2]([C,O:3])=[CH:4][C,O,N:5])>>([C:1][CH:2]([*:3])[CH2:4][*:5])",1.3.1.e.3.f,1,1,doubledirection,,,
1.3.1.e.3.r,"([C:1][CH:2]([C,O:3])[CH2:4][C,O,N:5])>>([C:1][C:2]([*:3])=[CH:4][*:5])",1.3.1.e.3.r,1,1,doubledirection,,,
1.3.1.e.4.f,"([CH:2]([C,O:3])=[CH:4][C,O,N:5])>>([CH2:2]([*:3])[CH2:4][*:5])",1.3.1.e.4.f,1,1,doubledirection,,,
1.3.1.e.4.r,"([CH2:2]([C,O:3])[CH2:4][C,O,N:5])>>([CH:2]([*:3])=[CH:4][*:5])",1.3.1.e.4.r,1,1,doubledirection,,,
1.3.1.e.6.f,"([CH2:2]=[C:4]([C,O,N:5])[C:6])>>([CH3:2][CH:4]([*:5])[C:6])",1.3.1.e.6.f,1,1,doubledirection,,,
1.3.1.e.6.r,"([CH3:2][CH:4]([C,O,N:5])[C:6])>>([CH2:2]=[C:4]([*:5])[C:6])",1.3.1.e.6.r,1,1,doubledirection,,,
1.3.1.e.9.f,([C:1][CH:2]=[CH2:3])>>([C:1][CH2:2][CH3:3]),1.3.1.e.9.f,1,1,doubledirection,,,
1.3.1.e.9.r,([C:1][CH2:2][CH3:3])>>([C:1][CH:2]=[CH2:3]),1.3.1.e.9.r,1,1,doubledirection,,,
1.3.1.e.10.f,([CH2:2]=[CH2:3])>>([CH3:2][CH3:3]),1.3.1.e.10.f,1,1,doubledirection,,,
1.3.1.e.10.r,([CH3:2][CH3:3])>>([CH2:2]=[CH2:3]),1.3.1.e.10.r,1,1,doubledirection,,,
1.4.1.a.1.f,([NH2:1][CH:2]([C:3])[C:4].[OH2:5])>>([O:5]=[C:2]([C:3])[C:4].[NH3:1]),1.4.1.a.1.f,1,1,doubledirection,,,
1.4.1.a.1.r,([O:5]=[C:2]([C:3])[C:4].[NH3:1])>>([NH2:1][CH:2]([C:3])[C:4]),1.4.1.a.1.r,1,1,doubledirection,,,
1.4.1.a.2.f,([NH2:1][CH2:2][C:4].[OH2:5])>>([O:5]=[CH:2][C:4].[NH3:1]),1.4.1.a.2.f,1,1,doubledirection,,,
1.4.1.a.2.r,([O:5]=[CH:2][C:4].[NH3:1])>>([NH2:1][CH2:2][C:4]),1.4.1.a.2.r,1,1,doubledirection,,,
1.4.1.a.3.f,([NH2:1][CH3:2].[OH2:5])>>([O:5]=[CH2:2].[NH3:1]),1.4.1.a.3.f,1,1,doubledirection,,,
1.4.1.a.3.r,([O:5]=[CH2:2].[NH3:1])>>([NH2:1][CH3:2]),1.4.1.a.3.r,1,1,doubledirection,,2.3.1.a.1.f,2.3.3.a.1.f
2.1.2.a.1.f,"([O:1]=[CH2:2].[CH,CH2:3]([NH2:4])[C:5](=[O:6])[OH:7])>>([OH:1][CH2:2][*:3]([NH2:4])[C:5](=[O:6])[OH:7])",2.1.2.a.1.f,1,1,doubledirection,,,
2.1.2.a.1.r,"([OH:1][CH2:2][C,CH:3]([NH2:4])[C:5](=[O:6])[OH:7])>>([O:1]=[CH2:2].[*:3]([NH2:4])[C:5](=[O:6])[OH:7])",2.1.2.a.1.r,1,1,doubledirection,,,
2.5.1.b.1.f,([C:1][CH:2]=[O:3].[CH2:4]=[C:5]([O:6][P:7]([OH:8])([OH:9])=[O:10])[C:11]([OH:12])=[O:13].[OH2:14])>>([C:1][C:2](=[O:3])[CH2:4][C:5](=[O:14])[C:11]([OH:12])=[O:13].[OH:6][P:7]([OH:8])([OH:9])=[O:10]),2.5.1.b.1.f,1,1,forward,,,
2.5.1.b.1.r,([C:1][C:2](=[O:3])[CH2:4][C:5](=[O:14])[C:11]([OH:12])=[O:13].[OH:6][P:7]([OH:8])([OH:9])=[O:10])>>([C:1][CH:2]=[O:3].[CH2:4]=[C:5]([O:6][P:7]([OH:8])([OH:9])=[O:10])[C:11]([OH:12])=[O:13]),2.5.1.b.1.r,1,1,reverse,,,
2.5.1.b.2.f,([CH2:2]=[O:3].[CH2:4]=[C:5]([O:6][P:7]([OH:8])([OH:9])=[O:10])[C:11]([OH:12])=[O:13].[OH2:14])>>([CH:2](=[O:3])[CH2:4][C:5](=[O:14])[C:11]([OH:12])=[O:13].[OH:6][P:7]([OH:8])([OH:9])=[O:10]),2.5.1.b.2.f,1,1,forward,,,
2.5.1.b.2.r,([CH:2](=[O:3])[CH2:4][C:5](=[O:14])[C:11]([OH:12])=[O:13].[OH:6][P:7]([OH:8])([OH:9])=[O:10])>>([CH2:2]=[O:3].[CH2:4]=[C:5]([O:6][P:7]([OH:8])([OH:9])=[O:10])[C:11]([OH:12])=[O:13]),2.5.1.b.2.r,1,1,reverse,,,
2.7.1.a.1.f,([OH:1][C:2].[OH:6][P:7]([OH:8])([OH:9])=[O:10])>>([C:2][O:6][P:7]([OH:8])([OH:9])=[O:10]),2.7.1.a.1.f,1,1,doubledirection,,,
2.7.1.a.1.r,([C:2][O:6][P:7]([OH:8])([OH:9])=[O:10].[OH2:1])>>([OH:1][C:2].[OH:6][P:7]([OH:8])([OH:9])=[O:10]),2.7.1.a.1.r,1,1,doubledirection,,,
2.7.1.b.1.f,([C:1][CH2:2][C:3](=[O:4])[C:5](=[O:6])[OH:7].[OH:8][P:9]([OH:10])([OH:11])=[O:12])>>([C:1][CH2:2][C:3]([O:8][P:9]([OH:10])([OH:11])=[O:12])[C:5](=[O:6])[OH:7].[OH2:4]),2.7.1.b.1.f,1,1,forward,,,
2.7.1.b.1.r,([C:1][CH2:2][C:3]([O:8][P:9]([OH:10])([OH:11])=[O:12])[C:5](=[O:6])[OH:7])>>([C:1][CH2:2][C:3](=[O:4])[C:5](=[O:6])[OH:7].[OH:8][P:9]([OH:10])([OH:11])=[O:12]),2.7.1.b.1.r,1,1,reverse,,,
3.0.0.a.1.f,([OH2:1].[*:5][O:6][P:7]([O:8])([O:9])=[O:10])>>([OH:1][*:5].[OH:6][P:7]([O:8])([O:9])=[O:10]),3.0.0.a.1.f,1,1,forward,,,
3.0.0.a.1.r,([OH:1][*:5].[OH:6][P:7]([O:8])([O:9])=[O:10])>>([*:5][O:6][P:7]([O:8])([O:9])=[O:10]),3.0.0.a.1.r,1,1,reverse,,,
3.1.1.a.1.f,([C:1][C:2](=[O:3])[O:4][C:5].[OH2:6])>>([C:1][C:2](=[O:3])[OH:4].[C:5][OH:6]),3.1.1.a.1.f,1,1,doubledirection,,,
3.1.1.a.1.r,([C:1][C:2](=[O:3])[OH:4].[C:5][OH:6])>>([C:1][C:2](=[O:3])[O:4][C:5]),3.1.1.a.1.r,1,1,doubledirection,,,
3.1.1.b.1.f,([C:1]=[C:2][O:3][C:4].[OH2:5])>>([CH:1][C:2]=[O:3].[C:4][OH:5]),3.1.1.b.1.f,1,1,forward,,,
3.1.1.b.1.r,([CH:1][C:2]=[O:3].[C:4][OH:5])>>([C:1]=[C:2][O:3][C:4]),3.1.1.b.1.r,1,1,reverse,,,
3.1.2.c.1.f,([C:1][C:2](=[O:6])[S:3][C:4].[OH2:5])>>([C:1][C:2](=[O:6])[OH:5].[C:4][SH:3]),3.1.2.c.1.f,1,1,doubledirection,,,
3.1.2.c.1.r,([C:1][C:2](=[O:6])[OH:5].[C:4][SH:3])>>([C:1][C:2](=[O:6])[S:3][C:4].[OH2:5]),3.1.2.c.1.r,1,1,doubledirection,,,
3.3.2.a.1.f,([C:1]1[C:2][O:3]1.[OH2:4])>>([OH:4][C:1][C:2][OH:3]),3.3.2.a.1.f,1,1,doubledirection,,,
3.3.2.a.1.r,([OH:4][C:1][C:2][OH:3])>>([C:1]1[C:2][O:3]1.[OH2:4]),3.3.2.a.1.r,1,1,doubledirection,,,
3.5.1.a.1.f,([O:1]=[C:2][N:3].[OH2:4])>>([O:1]=[C:2][OH:4].[*:3]),3.5.1.a.1.f,1,1,doubledirection,,,
3.5.1.a.1.r,"([O:1]=[C:2][OH:4].[NH,NH2,NH3:3])>>([O:1]=[C:2][*:3])",3.5.1.a.1.r,1,1,doubledirection,,,
3.5.3.a.1.f,"([C,S,N,P:1][N:2]=[C:3]([C,S,N,P:4])[C,S,N,P:5].[OH2:6])>>([*:1][NH2:2].[C:3]([*:4])([*:5])=[O:6])",3.5.3.a.1.f,1,1,doubledirection,,,
3.5.3.a.1.r,"([C,S,N,P:1][NH2:2].[C:3]([C,S,N,P:4])([C,S,N,P:5])=[O:6])>>([*:1][N:2]=[C:3]([*:4])[*:5])",3.5.3.a.1.r,1,1,doubledirection,,,
3.5.3.a.2.f,"([NH:2]=[C:3]([C,S,N,P:4])[C,S,N,P:5].[OH2:6])>>([NH3:2].[C:3]([*:4])([*:5])=[O:6])",3.5.3.a.2.f,1,1,doubledirection,,,
3.5.3.a.2.r,"([NH3:2].[C:3]([C,S,N,P:4])([C,S,N,P:5])=[O:6])>>([NH:2]=[C:3]([*:4])[*:5])",3.5.3.a.2.r,1,1,doubledirection,,,
3.5.3.a.3.f,"([C,S,N,P:1][N:2]=[CH:3][C,S,N,P:5].[OH2:6])>>([*:1][NH2:2].[CH:3]([*:5])=[O:6])",3.5.3.a.3.f,1,1,doubledirection,,,
3.5.3.a.3.r,"([C,S,N,P:1][NH2:2].[CH:3]([C,S,N,P:5])=[O:6])>>([*:1][N:2]=[CH:3][*:5])",3.5.3.a.3.r,1,1,doubledirection,,,
3.5.3.a.4.f,"([NH:2]=[CH:3][C,S,N,P:5].[OH2:6])>>([NH3:2].[CH:3]([*:5])=[O:6])",3.5.3.a.4.f,1,1,doubledirection,,,
3.5.3.a.4.r,"([NH3:2].[CH:3]([C,S,N,P:5])=[O:6])>>([NH:2]=[CH:3][*:5])",3.5.3.a.4.r,1,1,doubledirection,,,
3.5.3.a.5.f,"([C,S,N,P:1][N:2]=[CH2:3].[OH2:6])>>([*:1][NH2:2].[CH2:3]=[O:6])",3.5.3.a.5.f,1,1,doubledirection,,,
3.5.3.a.5.r,"([C,S,N,P:1][NH2:2].[CH:3]=[O:6])>>([*:1][N:2]=[CH:3])",3.5.3.a.5.r,1,1,doubledirection,,,
3.5.3.a.6.f,([NH:2]=[CH2:3].[OH2:6])>>([NH3:2].[CH2:3]=[O:6]),3.5.3.a.6.f,1,1,doubledirection,,,
3.5.3.a.6.r,([NH3:2].[CH:3]=[O:6])>>([NH:2]=[CH:3]),3.5.3.a.6.r,1,1,doubledirection,,,
3.5.3.b.1.f,([N:1]=[C:2][N:3].[OH2:4])>>([N:1]=[C:2][OH:4].[*:3]),3.5.3.b.1.f,1,1,doubledirection,,,
3.5.3.b.1.r,"([N:1]=[C:2][OH:4].[NH,NH2,NH3:3])>>([N:1]=[C:2][*:3])",3.5.3.b.1.r,1,1,doubledirection,,,
3.5.4.a.1.f,"([C:1]=[C:2][NH,NH2:3])>>([CH:1][C:2]=[*:3])",3.5.4.a.1.f,1,1,doubledirection,,,
3.5.4.a.1.r,([CH:1][C:2]=[N:3])>>([C:1]=[C:2][*:3]),3.5.4.a.1.r,1,1,doubledirection,,,
3.7.1.a.1.f,"([C,S,N,P:1][C:2](=[O:3])[C:4][C:5](=[O:6])[C,S,N,P:7].[OH2:8])>>([*:1][C:2](=[O:3])[OH:8].[*:4][C:5](=[O:6])[*:7])",3.7.1.a.1.f,1,1,doubledirection,,,
3.7.1.a.1.r,"([C,S,N,P:1][C:2](=[O:3])[OH:8].[CH,CH2,CH3:4][C:5](=[O:6])[C,S,N,P:7])>>([*:1][C:2](=[O:3])[C:4][C:5](=[O:6])[*:7])",3.7.1.a.1.r,1,1,doubledirection,,,
3.7.1.a.2.f,"([CH:2](=[O:3])[C:4][C:5](=[O:6])[C,S,N,P:7].[OH2:8])>>([CH:2](=[O:3])[OH:8].[*:4][C:5](=[O:6])[*:7])",3.7.1.a.2.f,1,1,doubledirection,,,
3.7.1.a.2.r,"([CH:2](=[O:3])[OH:8].[CH,CH2,CH3:4][C:5](=[O:6])[C,S,N,P:7])>>([CH:2](=[O:3])[C:4][C:5](=[O:6])[*:7])",3.7.1.a.2.r,1,1,doubledirection,,,
3.7.1.a.3.f,"([C,S,N,P:1][C:2](=[O:3])[C:4][CH:5](=[O:6]).[OH2:8])>>([*:1][C:2](=[O:3])[OH:8].[*:4][CH:5](=[O:6]))",3.7.1.a.3.f,1,1,doubledirection,,,
3.7.1.a.3.r,"([C,S,N,P:1][C:2](=[O:3])[OH:8].[CH,CH2,CH3:4][CH:5](=[O:6]))>>([*:1][C:2](=[O:3])[C:4][CH:5](=[O:6]))",3.7.1.a.3.r,1,1,doubledirection,,,
3.7.1.a.4.f,([CH:2](=[O:3])[C:4][CH:5](=[O:6]).[OH2:8])>>([CH:2](=[O:3])[OH:8].[*:4][CH:5](=[O:6])),3.7.1.a.4.f,1,1,doubledirection,,,
3.7.1.a.4.r,"([CH:2](=[O:3])[OH:8].[CH,CH2,CH3:4][CH:5](=[O:6]))>>([CH:2](=[O:3])[C:4][CH:5](=[O:6]))",3.7.1.a.4.r,1,1,doubledirection,,,
3.7.1.b.1.f,"([OH2:1].[C:2](=[O:3])[C:4][CH,CH2:5][N:6])>>([OH:1][C:2]=[O:3].[*:4][*:5][N:6])",3.7.1.b.1.f,1,1,doubledirection,,,
3.7.1.b.1.r,"([OH:1][C:2]=[O:3].[CH,CH2,CH3:4][CH,CH2:5][N:6])>>([C:2](=[O:3])[*:4][*:5][N:6])",3.7.1.b.1.r,1,1,doubledirection,,,
3.7.1.c.1.f,"([OH2:1].[O:2]=[C:3][C:4]=[C:5][C:6](=[O:7])[C,S,N,P:8])>>([O:2]=[C:3][C:4]=[*:5].[OH:1][C:6](=[O:7])[*:8])",3.7.1.c.1.f,1,1,doubledirection,,,
3.7.1.c.1.r,"([O:2]=[C:3][C:4]=[CH,CH2:5].[OH:1][C:6](=[O:7])[C,S,N,P:8])>>([O:2]=[C:3][C:4]=[C:5][C:6](=[O:7])[*:8])",3.7.1.c.1.r,1,1,doubledirection,,,
3.7.1.c.2.f,([OH2:1].[O:2]=[C:3][C:4]=[C:5][CH:6](=[O:7]))>>([O:2]=[C:3][C:4]=[*:5].[OH:1][CH:6](=[O:7])),3.7.1.c.2.f,1,1,doubledirection,,,
3.7.1.c.2.r,"([O:2]=[C:3][C:4]=[CH,CH2:5].[OH:1][CH:6](=[O:7]))>>([O:2]=[C:3][C:4]=[C:5][CH:6](=[O:7]))",3.7.1.c.2.r,1,1,doubledirection,,,
3.7.1.d.1.f,"([OH2:1].[O:2]=[C:3][C:4]=[C:5][C:6]=[C:9][C:10](=[O:7])[C,S,N,P:8])>>([O:2]=[C:3][C:4]=[C:5][C:6]=[*:9].[OH:1][C:10](=[O:7])[*:8])",3.7.1.d.1.f,1,1,doubledirection,,,
3.7.1.d.1.r,"([O:2]=[C:3][C:4]=[C:5][C:6]=[CH,CH2:9].[OH:1][C:10](=[O:7])[C,S,N,P:8])>>([O:2]=[C:3][C:4]=[C:5][C:6]=[C:9][C:10](=[O:7])[*:8])",3.7.1.d.1.r,1,1,doubledirection,,,
3.7.1.d.2.f,([OH2:1].[O:2]=[C:3][C:4]=[C:5][C:6]=[C:9][CH:10](=[O:7]))>>([O:2]=[C:3][C:4]=[C:5][C:6]=[*:9].[OH:1][CH:10](=[O:7])),3.7.1.d.2.f,1,1,doubledirection,,,
3.7.1.d.2.r,"([O:2]=[C:3][C:4]=[C:5][C:6]=[CH,CH2:9].[OH:1][CH:10](=[O:7]))>>([O:2]=[C:3][C:4]=[C:5][C:6]=[C:9][CH:10](=[O:7]))",3.7.1.d.2.r,1,1,doubledirection,,,
3.13.1.a.1.f,([O:1][S:2](=[O:3])(=[O:4])[C:5].[OH2:6])>>([O:1][S:2](=[O:3])[OH:4].[C:5][OH:6]),3.13.1.a.1.f,1,1,doubledirection,,,
3.13.1.a.1.r,([O:1][S:2](=[O:3])[OH:4].[C:5][OH:6])>>([O:1][S:2](=[O:3])(=[O:4])[C:5]),3.13.1.a.1.r,1,1,doubledirection,,,
4.1.1.a.1.f,"([C,O,S:1][C:2](=[O:3])[C:4](=[O:5])[OH:6])>>([*:1][CH:2]=[O:3].[C:4](=[O:5])=[O:6])",4.1.1.a.1.f,1,1,forward,,,
4.1.1.a.1.r,"([C,O,S:1][CH:2]=[O:3].[C:4](=[O:5])=[O:6])>>([*:1][C:2](=[O:3])[C:4](=[O:5])[OH:6])",4.1.1.a.1.r,1,1,reverse,,,
4.1.1.b.1.f,"([C,O,S:1][C:2](=[O:3])[C:4]([C,O,S:5])([C,O,S:6])[C:7](=[O:8])[OH:9])>>([*:1][C:2](=[O:3])[CH:4]([*:5])[*:6].[C:7](=[O:8])=[O:9])",4.1.1.b.1.f,1,1,forward,,,
4.1.1.b.1.r,"([C,O,S:1][C:2](=[O:3])[CH:4]([C,O,S:5])[C,O,S:6].[C:7](=[O:8])=[O:9])>>([*:1][C:2](=[O:3])[C:4]([*:5])([*:6])[C:7](=[O:8])[OH:9])",4.1.1.b.1.r,1,1,reverse,,,
4.1.1.b.2.f,"([C,O,S:1][C:2](=[O:3])[CH:4]([C,O,S:6])[C:7](=[O:8])[OH:9])>>([*:1][C:2](=[O:3])[CH2:4][*:6].[C:7](=[O:8])=[O:9])",4.1.1.b.2.f,1,1,forward,,,
4.1.1.b.2.r,"([C,O,S:1][C:2](=[O:3])[CH2:4][C,O,S:6].[C:7](=[O:8])=[O:9])>>([*:1][C:2](=[O:3])[CH:4]([*:6])[C:7](=[O:8])[OH:9])",4.1.1.b.2.r,1,1,reverse,,,
4.1.1.b.3.f,"([C,O,S:1][C:2](=[O:3])[CH2:4][C:7](=[O:8])[OH:9])>>([*:1][C:2](=[O:3])[CH3:4].[C:7](=[O:8])=[O:9])",4.1.1.b.3.f,1,1,forward,,,
4.1.1.b.3.r,"([C,O,S:1][C:2](=[O:3])[CH3:4].[C:7](=[O:8])=[O:9])>>([*:1][C:2](=[O:3])[CH2:4][C:7](=[O:8])[OH:9])",4.1.1.b.3.r,1,1,reverse,,,
4.1.1.b.4.f,"([CH:2](=[O:3])[C:4]([C,O,S:5])([C,O,S:6])[C:7](=[O:8])[OH:9])>>([CH:2](=[O:3])[CH:4]([*:5])[*:6].[C:7](=[O:8])=[O:9])",4.1.1.b.4.f,1,1,forward,,,
4.1.1.b.4.r,"([CH:2](=[O:3])[CH:4]([C,O,S:5])[C,O,S:6].[C:7](=[O:8])=[O:9])>>([CH:2](=[O:3])[C:4]([*:5])([*:6])[C:7](=[O:8])[OH:9])",4.1.1.b.4.r,1,1,reverse,,,
4.1.1.b.5.f,"([CH:2](=[O:3])[CH:4]([C,O,S:6])[C:7](=[O:8])[OH:9])>>([CH:2](=[O:3])[CH2:4][*:6].[C:7](=[O:8])=[O:9])",4.1.1.b.5.f,1,1,forward,,,
4.1.1.b.5.r,"([CH:2](=[O:3])[CH2:4][C,O,S:6].[C:7](=[O:8])=[O:9])>>([CH:2](=[O:3])[CH:4]([*:6])[C:7](=[O:8])[OH:9])",4.1.1.b.5.r,1,1,reverse,,,
4.1.1.b.6.f,([CH:2](=[O:3])[CH2:4][C:7](=[O:8])[OH:9])>>([CH:2](=[O:3])[CH3:4].[C:7](=[O:8])=[O:9]),4.1.1.b.6.f,1,1,forward,,,
4.1.1.b.6.r,([CH:2](=[O:3])[CH3:4].[C:7](=[O:8])=[O:9])>>([CH:2](=[O:3])[CH2:4][C:7](=[O:8])[OH:9]),4.1.1.b.6.r,1,1,reverse,,,
4.1.1.c.1.f,"([C:1]([C,N:2])([C,N:3])([NH2:4])[C:5](=[O:6])[OH:7])>>([CH:1]([*:2])([*:3])[NH2:4].[C:5](=[O:6])=[O:7])",4.1.1.c.1.f,1,1,forward,,,
4.1.1.c.1.r,"([CH:1]([C,N:2])([C,N:3])[NH2:4].[C:5](=[O:6])=[O:7])>>([C:1]([*:2])([*:3])([NH2:4])[C:5](=[O:6])[OH:7])",4.1.1.c.1.r,1,1,reverse,,,
4.1.1.c.2.f,"([CH:1]([C,N:3])([NH2:4])[C:5](=[O:6])[OH:7])>>([CH2:1]([*:3])[NH2:4].[C:5](=[O:6])=[O:7])",4.1.1.c.2.f,1,1,forward,,,
4.1.1.c.2.r,"([CH2:1]([C,N:3])[NH2:4].[C:5](=[O:6])=[O:7])>>([CH:1]([*:3])([NH2:4])[C:5](=[O:6])[OH:7])",4.1.1.c.2.r,1,1,reverse,,,
4.1.1.c.3.f,([CH2:1]([NH2:4])[C:5](=[O:6])[OH:7])>>([CH3:1][NH2:4].[C:5](=[O:6])=[O:7]),4.1.1.c.3.f,1,1,forward,,,
4.1.1.c.3.r,([CH3:1][NH2:4].[C:5](=[O:6])=[O:7])>>([CH2:1]([NH2:4])[C:5](=[O:6])[OH:7]),4.1.1.c.3.r,1,1,reverse,,,
4.1.1.d.1.f,"([C:1]([C,N:2])([C,N:3])([NH2:4])[C:8][C:5](=[O:6])[OH:7])>>([C:1]([*:2])([*:3])([NH2:4])[C:8].[C:5](=[O:6])=[O:7])",4.1.1.d.1.f,1,1,forward,,,
4.1.1.d.1.r,"([C:1]([C,N:2])([C,N:3])([NH2:4])[CH,CH2,CH3:8].[C:5](=[O:6])=[O:7])>>([C:1]([*:2])([*:3])([NH2:4])[*:8][C:5](=[O:6])[OH:7])",4.1.1.d.1.r,1,1,reverse,,,
4.1.1.d.2.f,"([CH:1]([C,N:2])([NH2:4])[C:8][C:5](=[O:6])[OH:7])>>([CH:1]([*:2])([NH2:4])[C:8].[C:5](=[O:6])=[O:7])",4.1.1.d.2.f,1,1,forward,,,
4.1.1.d.2.r,"([CH:1]([C,N:2])([NH2:4])[CH,CH2,CH3:8].[C:5](=[O:6])=[O:7])>>([CH:1]([*:2])([NH2:4])[*:8][C:5](=[O:6])[OH:7])",4.1.1.d.2.r,1,1,reverse,,,
4.1.1.d.3.f,([CH2:1]([NH2:4])[C:8][C:5](=[O:6])[OH:7])>>([CH2:1]([NH2:4])[C:8].[C:5](=[O:6])=[O:7]),4.1.1.d.3.f,1,1,forward,,,
4.1.1.d.3.r,"([CH2:1]([NH2:4])[CH,CH2,CH3:8].[C:5](=[O:6])=[O:7])>>([CH2:1]([NH2:4])[*:8][C:5](=[O:6])[OH:7])",4.1.1.d.3.r,1,1,reverse,,,
4.1.1.e.1.f,([*:1][O:2][C:3][C:4][C:5](=[O:6])[OH:7])>>([*:1][OH:2].[C:3]=[C:4].[C:5](=[O:6])=[O:7]),4.1.1.e.1.f,1,1,forward,,,
4.1.1.e.1.r,([*:1][OH:2].[C:3]=[C:4].[C:5](=[O:6])=[O:7])>>([*:1][O:2][C:3][C:4][C:5](=[O:6])[OH:7]),4.1.1.e.1.r,1,1,reverse,,,
4.1.1.e.2.f,([OH:2][C:3][C:4][C:5](=[O:6])[OH:7])>>([C:3]=[C:4].[C:5](=[O:6])=[O:7]),4.1.1.e.2.f,1,1,forward,,,
4.1.1.e.2.r,([OH2:2].[C:3]=[C:4].[C:5](=[O:6])=[O:7])>>([OH:2][C:3][C:4][C:5](=[O:6])[OH:7]),4.1.1.e.2.r,1,1,reverse,,,
4.1.1.f.1.f,([*:1][O:2][C:3][C:4]=[C:8][C:9][C:5](=[O:6])[OH:7])>>([*:1][OH:2].[C:3]=[C:4][C:8]=[C:9].[C:5](=[O:6])=[O:7]),4.1.1.f.1.f,1,1,forward,,,
4.1.1.f.1.r,([*:1][OH:2].[C:3]=[C:4][C:8]=[C:9].[C:5](=[O:6])=[O:7])>>([*:1][O:2][C:3][C:4]=[C:8][C:9][C:5](=[O:6])[OH:7]),4.1.1.f.1.r,1,1,reverse,,,
4.1.1.f.2.f,([OH:2][C:3][C:4]=[C:8][C:9][C:5](=[O:6])[OH:7])>>([C:3]=[C:4][C:8]=[C:9].[C:5](=[O:6])=[O:7]),4.1.1.f.2.f,1,1,forward,,,
4.1.1.f.2.r,([OH2:2].[C:3]=[C:4][C:8]=[C:9].[C:5](=[O:6])=[O:7])>>([OH:2][C:3][C:4]=[C:8][C:9][C:5](=[O:6])[OH:7]),4.1.1.f.2.r,1,1,reverse,,,
4.1.1.g.1.f,"([C,O,S:1][C:2](=[O:3])[C:4]=[C:5][C:6][C:7](=[O:8])[OH:9])>>([*:1][C:2](=[O:3])[C:4]=[C:5][C:6].[C:7](=[O:8])=[O:9])",4.1.1.g.1.f,1,1,forward,,,
4.1.1.g.1.r,"([C,O,S:1][C:2](=[O:3])[C:4]=[C:5][CH,CH2,CH3:6].[C:7](=[O:8])=[O:9])>>([*:1][C:2](=[O:3])[C:4]=[C:5][*:6][C:7](=[O:8])[OH:9])",4.1.1.g.1.r,1,1,reverse,,,
4.1.1.g.2.f,([CH:2](=[O:3])[C:4]=[C:5][C:6][C:7](=[O:8])[OH:9])>>([CH:2](=[O:3])[C:4]=[C:5][C:6].[C:7](=[O:8])=[O:9]),4.1.1.g.2.f,1,1,forward,,,
4.1.1.g.2.r,"([CH:2](=[O:3])[C:4]=[C:5][CH,CH2,CH3:6].[C:7](=[O:8])=[O:9])>>([CH:2](=[O:3])[C:4]=[C:5][*:6][C:7](=[O:8])[OH:9])",4.1.1.g.2.r,1,1,reverse,,,
4.1.1.h.1.f,"([C:1]([C,N:2])([C,N:3])([NH2:4])[C:5]=[C:6][C:7][C:8](=[O:9])[OH:10])>>([C:1]([*:2])([*:3])([NH2:4])[C:5]=[C:6][C:7].[C:8](=[O:9])=[O:10])",4.1.1.h.1.f,1,1,forward,,,
4.1.1.h.1.r,"([C:1]([C,N:2])([C,N:3])([NH2:4])[C:5]=[C:6][CH,CH2,CH3:7].[C:8](=[O:9])=[O:10])>>([C:1]([*:2])([*:3])([NH2:4])[C:5]=[C:6][*:7][C:8](=[O:9])[OH:10])",4.1.1.h.1.r,1,1,reverse,,,
4.1.1.h.2.f,"([CH:1]([C,N:3])([NH2:4])[C:5]=[C:6][C:7][C:8](=[O:9])[OH:10])>>([CH:1]([*:3])([NH2:4])[C:5]=[C:6][C:7].[C:8](=[O:9])=[O:10])",4.1.1.h.2.f,1,1,forward,,,
4.1.1.h.2.r,"([CH:1]([C,N:3])([NH2:4])[C:5]=[C:6][CH,CH2,CH3:7].[C:8](=[O:9])=[O:10])>>([CH:1]([*:3])([NH2:4])[C:5]=[C:6][*:7][C:8](=[O:9])[OH:10])",4.1.1.h.2.r,1,1,reverse,,,
4.1.1.h.3.f,([CH2:1]([NH2:4])[C:5]=[C:6][C:7][C:8](=[O:9])[OH:10])>>([CH2:1]([NH2:4])[C:5]=[C:6][C:7].[C:8](=[O:9])=[O:10]),4.1.1.h.3.f,1,1,forward,,,
4.1.1.h.3.r,"([CH2:1]([NH2:4])[C:5]=[C:6][CH,CH2,CH3:7].[C:8](=[O:9])=[O:10])>>([CH2:1]([NH2:4])[C:5]=[C:6][*:7][C:8](=[O:9])[OH:10])",4.1.1.h.3.r,1,1,reverse,,,
4.1.1.j.1.f,([OH:1][P:2](=[O:3])([OH:4])[O:5][C:6](=[CH2:7])[C:8](=[O:9])[OH:10].[OH2:11])>>([OH:1][P:2](=[O:3])([OH:4])[OH:5].[O:11]=[C:6]([CH3:7])[C:8](=[O:9])[OH:10]),4.1.1.j.1.f,1,1,doubledirection,,,
4.1.1.j.2.f,([OH:1][P:2](=[O:3])([OH:4])[O:5][C:6](=[CH2:7])[C:8](=[O:9])[OH:10].[OH2:11].[C:12](=[O:13])=[O:14])>>([OH:1][P:2](=[O:3])([OH:4])[OH:5].[O:11]=[C:6]([CH2:7][C:12](=[O:13])[OH:14])[C:8](=[O:9])[OH:10]),4.1.1.j.2.f,1,1,doubledirection,,,
4.1.1.j.1.r,([OH:1][P:2](=[O:3])([OH:4])[OH:5].[O:11]=[C:6]([CH3:7])[C:8](=[O:9])[OH:10])>>([OH:1][P:2](=[O:3])([OH:4])[O:5][C:6](=[CH2:7])[C:8](=[O:9])[OH:10].[OH2:11]),4.1.1.j.1.r,1,1,doubledirection,,,
4.1.1.j.2.r,([OH:1][P:2](=[O:3])([OH:4])[OH:5].[O:11]=[C:6]([CH2:7][C:12](=[O:13])[OH:14])[C:8](=[O:9])[OH:10])>>([OH:1][P:2](=[O:3])([OH:4])[O:5][C:6](=[CH2:7])[C:8](=[O:9])[OH:10].[OH2:11].[C:12](=[O:13])=[O:14]),4.1.1.j.2.r,1,1,doubledirection,,,
4.1.1.k.1.f,"([C:1](=[O:2])([OH:3])[C:4]1=[CH:5][CH:6]=[C:7]([OH,NH2:10])[CH:8]=[CH:9]1)>>([C:1](=[O:2])=[O:3].[CH:4]1=[CH:5][CH:6]=[C:7]([*:10])[CH:8]=[CH:9]1)",4.1.1.k.1.f,1,1,doubledirection,,,
4.1.1.k.2.f,"([C:1](=[O:2])([OH:3])[C:4]1=[C:5]([OH,NH2:10])[CH:6]=[CH:7][CH:8]=[CH:9]1)>>([C:1](=[O:2])=[O:3].[CH:4]1=[C:5]([*:10])[CH:6]=[CH:7][CH:8]=[CH:9]1)",4.1.1.k.2.f,1,1,doubledirection,,,
4.1.1.k.1.r,"([C:1](=[O:2])=[O:3].[CH:4]1=[CH:5][CH:6]=[C:7]([OH,NH2:10])[CH:8]=[CH:9]1)>>([C:1](=[O:2])([OH:3])[C:4]1=[CH:5][CH:6]=[C:7]([*:10])[CH:8]=[CH:9]1)",4.1.1.k.1.r,1,1,doubledirection,,,
4.1.1.k.2.r,"([C:1](=[O:2])=[O:3].[CH:4]1=[C:5]([OH,NH2:10])[CH:6]=[CH:7][CH:8]=[CH:9]1)>>([C:1](=[O:2])([OH:3])[C:4]1=[C:5]([*:10])[CH:6]=[CH:7][CH:8]=[CH:9]1)",4.1.1.k.2.r,1,1,doubledirection,,,
4.1.2.36.1.f,([CH3:1][C:2]([OH:3])[C:4](=[O:5])[OH:6])>>([CH3:1][CH:2]=[O:3].[CH:4](=[O:5])[OH:6]),4.1.2.36.1.f,1,1,doubledirection,,,
4.1.2.36.1.r,([CH3:1][CH:2]=[O:3].[CH:4](=[O:5])[OH:6])>>([CH3:1][C:2]([OH:3])[C:4](=[O:5])[OH:6]),4.1.2.36.1.r,1,1,doubledirection,,,
4.1.2.38.1.f,([O:1]=[CH:2][C:3].[O:11]=[CH:12][C:13])>>([OH:1][CH:2]([C:3])[C:12](=[O:11])[C:13]),4.1.2.38.1.f,1,1,doubledirection,,,
4.1.2.38.2.f,([O:1]=[CH2:2].[O:11]=[CH:12][C:13])>>([OH:1][CH2:2][C:12](=[O:11])[C:13]),4.1.2.38.2.f,1,1,doubledirection,,,
4.1.2.38.3.f,([O:1]=[CH:2][C:3].[O:11]=[CH2:12])>>([OH:1][CH:2]([C:3])[CH:12](=[O:11])),4.1.2.38.3.f,1,1,doubledirection,,,
4.1.2.38.4.f,([O:1]=[CH2:2].[O:11]=[CH2:12])>>([OH:1][CH2:2][CH:12](=[O:11])),4.1.2.38.4.f,1,1,doubledirection,,,
4.1.2.38.1.r,([OH:1][CH:2]([C:3])[C:12](=[O:11])[C:13])>>([O:1]=[CH:2][C:3].[O:11]=[CH:12][C:13]),4.1.2.38.1.r,1,1,doubledirection,,,
4.1.2.38.2.r,([OH:1][CH2:2][C:12](=[O:11])[C:13])>>([O:1]=[CH2:2].[O:11]=[CH:12][C:13]),4.1.2.38.2.r,1,1,doubledirection,,,
4.1.2.38.3.r,([OH:1][CH:2]([C:3])[CH:12](=[O:11]))>>([O:1]=[CH:2][C:3].[O:11]=[CH2:12]),4.1.2.38.3.r,1,1,doubledirection,,,
4.1.2.38.4.r,([OH:1][CH2:2][CH:12](=[O:11]))>>([O:1]=[CH2:2].[O:11]=[CH2:12]),4.1.2.38.4.r,1,1,doubledirection,,,
4.1.2.38.5.f,([O:1]=[CH:2][C:3].[O:11]=[C:12]([C:13])[C:14](=[O:15])[OH:16])>>([OH:1][CH:2]([C:3])[C:12](=[O:11])[C:13].[C:14](=[O:15])=[O:16]),4.1.2.38.5.f,1,1,doubledirection,,,
4.1.2.38.6.f,([O:1]=[CH2:2].[O:11]=[C:12]([C:13])[C:14](=[O:15])[OH:16])>>([OH:1][CH2:2][C:12](=[O:11])[C:13].[C:14](=[O:15])=[O:16]),4.1.2.38.6.f,1,1,doubledirection,,,
4.1.2.38.7.f,([O:1]=[CH:2][C:3].[O:11]=[CH:12][C:14](=[O:15])[OH:16])>>([OH:1][CH:2]([C:3])[CH:12](=[O:11]).[C:14](=[O:15])=[O:16]),4.1.2.38.7.f,1,1,doubledirection,,,
4.1.2.38.8.f,([O:1]=[CH2:2].[O:11]=[CH:12][C:14](=[O:15])[OH:16])>>([OH:1][CH2:2][CH:12](=[O:11]).[C:14](=[O:15])=[O:16]),4.1.2.38.8.f,1,1,doubledirection,,,
4.1.2.38.5.r,([OH:1][CH:2]([C:3])[C:12](=[O:11])[C:13].[C:14](=[O:15])=[O:16])>>([O:1]=[CH:2][C:3].[O:11]=[C:12]([C:13])[C:14](=[O:15])[OH:16]),4.1.2.38.5.r,1,1,doubledirection,,,
4.1.2.38.6.r,([OH:1][CH2:2][C:12](=[O:11])[C:13].[C:14](=[O:15])=[O:16])>>([O:1]=[CH2:2].[O:11]=[C:12]([C:13])[C:14](=[O:15])[OH:16]),4.1.2.38.6.r,1,1,doubledirection,,,
4.1.2.38.7.r,([OH:1][CH:2]([C:3])[CH:12](=[O:11]).[C:14](=[O:15])=[O:16])>>([O:1]=[CH:2][C:3].[O:11]=[CH:12][C:14](=[O:15])[OH:16]),4.1.2.38.7.r,1,1,doubledirection,,,
4.1.2.38.8.r,([OH:1][CH2:2][CH:12](=[O:11]).[C:14](=[O:15])=[O:16])>>([O:1]=[CH2:2].[O:11]=[CH:12][C:14](=[O:15])[OH:16]),4.1.2.38.8.r,1,1,doubledirection,,,
4.1.2.a.1.f,([OH:1][C:2][C:3](=[O:4])[C:5])>>([O:1]=[C:2].[CH:3](=[O:4])[C:5]),4.1.2.a.1.f,1,1,doubledirection,,,
4.1.2.a.1.r,([O:1]=[C:2].[CH:3](=[O:4])[C:5])>>([OH:1][C:2][C:3](=[O:4])[C:5]),4.1.2.a.1.r,1,1,doubledirection,,,
4.1.2.a.2.f,([OH:1][C:2][CH:3](=[O:4]))>>([O:1]=[C:2].[CH2:3](=[O:4])),4.1.2.a.2.f,1,1,doubledirection,,,
4.1.2.a.2.r,([O:1]=[C:2].[CH2:3](=[O:4]))>>([OH:1][C:2][CH:3](=[O:4])),4.1.2.a.2.r,1,1,doubledirection,,,
4.1.2.b.1.f,"([C,S:1][C:2](=[O:3])[C:4][C:5][OH:6])>>([*:1][C:2](=[O:3])[C:4].[C:5]=[O:6])",4.1.2.b.1.f,1,1,doubledirection,,,
4.1.2.b.1.r,"([C,S:1][C:2](=[O:3])[CH,CH2,CH3:4].[C:5]=[O:6])>>([*:1][C:2](=[O:3])[*:4][C:5][OH:6])",4.1.2.b.1.r,1,1,doubledirection,,,
4.1.2.b.2.f,([CH:2](=[O:3])[C:4][C:5][OH:6])>>([CH:2](=[O:3])[C:4].[C:5]=[O:6]),4.1.2.b.2.f,1,1,doubledirection,,,
4.1.2.b.2.r,"([CH:2](=[O:3])[CH,CH2,CH3:4].[C:5]=[O:6])>>([CH:2](=[O:3])[*:4][C:5][OH:6])",4.1.2.b.2.r,1,1,doubledirection,,,
4.1.2.c.1.f,([OH:1][C:2][C:3][NH2:4])>>([O:1]=[C:2].[C:3][NH2:4]),4.1.2.c.1.f,1,1,doubledirection,,,
4.1.2.c.1.r,"([O:1]=[C:2].[CH,CH2,CH3:3][NH2:4])>>([OH:1][C:2][C:3][NH2:4])",4.1.2.c.1.r,1,1,doubledirection,,,
4.1.2.d.1.f,([C:1][CH:2]([OH:3])[CH:4]([OH:5])[C:6](=[O:7])[CH:8]([OH:9])[CH:10]([OH:11])[O:12][P:13]([OH:14])([OH:15])=[O:16])>>([C:1][CH:2]=[O:3].[CH2:4]([OH:5])[C:6](=[O:7])[CH:8]([OH:9])[CH:10]([OH:11])[O:12][P:13]([OH:14])([OH:15])=[O:16]),4.1.2.d.1.f,1,1,doubledirection,,,
4.1.2.d.1.r,([C:1][CH:2]=[O:3].[CH2:4]([OH:5])[C:6](=[O:7])[CH:8]([OH:9])[CH:10]([OH:11])[O:12][P:13]([OH:14])([OH:15])=[O:16])>>([C:1][CH:2]([OH:3])[CH:4]([OH:5])[C:6](=[O:7])[CH:8]([OH:9])[CH:10]([OH:11])[O:12][P:13]([OH:14])([OH:15])=[O:16]),4.1.2.d.1.r,1,1,doubledirection,,,
4.1.2.d.2.f,([C:1][CH:2]([OH:3])[CH:4]([OH:5])[C:6](=[O:7])[CH2:8][O:12][P:13]([OH:14])([OH:15])=[O:16])>>([C:1][CH:2]=[O:3].[CH2:4]([OH:5])[C:6](=[O:7])[CH2:8][O:12][P:13]([OH:14])([OH:15])=[O:16]),4.1.2.d.2.f,1,1,doubledirection,,,
4.1.2.d.2.r,([C:1][CH:2]=[O:3].[CH2:4]([OH:5])[C:6](=[O:7])[CH2:8][O:12][P:13]([OH:14])([OH:15])=[O:16])>>([C:1][CH:2]([OH:3])[CH:4]([OH:5])[C:6](=[O:7])[CH2:8][O:12][P:13]([OH:14])([OH:15])=[O:16]),4.1.2.d.2.r,1,1,doubledirection,,,
4.1.2.d.3.f,([C:1][CH:2]([OH:3])[CH:4]([OH:5])[C:6](=[O:7])[O:12][P:13]([OH:14])([OH:15])=[O:16])>>([C:1][CH:2]=[O:3].[CH2:4]([OH:5])[C:6](=[O:7])[O:12][P:13]([OH:14])([OH:15])=[O:16]),4.1.2.d.3.f,1,1,doubledirection,,,
4.1.2.d.3.r,([C:1][CH:2]=[O:3].[CH2:4]([OH:5])[C:6](=[O:7])[O:12][P:13]([OH:14])([OH:15])=[O:16])>>([C:1][CH:2]([OH:3])[CH:4]([OH:5])[C:6](=[O:7])[O:12][P:13]([OH:14])([OH:15])=[O:16]),4.1.2.d.3.r,1,1,doubledirection,,,
4.1.2.d.4.f,([CH2:2]([OH:3])[CH:4]([OH:5])[C:6](=[O:7])[CH:8]([OH:9])[CH:10]([OH:11])[O:12][P:13]([OH:14])([OH:15])=[O:16])>>([CH2:2]=[O:3].[CH2:4]([OH:5])[C:6](=[O:7])[CH:8]([OH:9])[CH:10]([OH:11])[O:12][P:13]([OH:14])([OH:15])=[O:16]),4.1.2.d.4.f,1,1,doubledirection,,,
4.1.2.d.4.r,([CH2:2]=[O:3].[CH2:4]([OH:5])[C:6](=[O:7])[CH:8]([OH:9])[CH:10]([OH:11])[O:12][P:13]([OH:14])([OH:15])=[O:16])>>([CH2:2]([OH:3])[CH:4]([OH:5])[C:6](=[O:7])[CH:8]([OH:9])[CH:10]([OH:11])[O:12][P:13]([OH:14])([OH:15])=[O:16]),4.1.2.d.4.r,1,1,doubledirection,,,
4.1.2.d.5.f,([CH2:2]([OH:3])[CH:4]([OH:5])[C:6](=[O:7])[CH2:8][O:12][P:13]([OH:14])([OH:15])=[O:16])>>([CH2:2]=[O:3].[CH2:4]([OH:5])[C:6](=[O:7])[CH2:8][O:12][P:13]([OH:14])([OH:15])=[O:16]),4.1.2.d.5.f,1,1,doubledirection,,,
4.1.2.d.5.r,([CH2:2]=[O:3].[CH2:4]([OH:5])[C:6](=[O:7])[CH2:8][O:12][P:13]([OH:14])([OH:15])=[O:16])>>([CH2:2]([OH:3])[CH:4]([OH:5])[C:6](=[O:7])[CH2:8][O:12][P:13]([OH:14])([OH:15])=[O:16]),4.1.2.d.5.r,1,1,doubledirection,,,
4.1.2.d.6.f,([CH2:2]([OH:3])[CH:4]([OH:5])[C:6](=[O:7])[O:12][P:13]([OH:14])([OH:15])=[O:16])>>([CH2:2]=[O:3].[CH2:4]([OH:5])[C:6](=[O:7])[O:12][P:13]([OH:14])([OH:15])=[O:16]),4.1.2.d.6.f,1,1,doubledirection,,,
4.1.2.d.6.r,([CH2:2]=[O:3].[CH2:4]([OH:5])[C:6](=[O:7])[O:12][P:13]([OH:14])([OH:15])=[O:16])>>([CH2:2]([OH:3])[CH:4]([OH:5])[C:6](=[O:7])[O:12][P:13]([OH:14])([OH:15])=[O:16]),4.1.2.d.6.r,1,1,doubledirection,,,
4.1.3.a.1.f,([OH:1][C:2](=[O:3])[C:4](=[O:5])[CH2:6][CH:7]([C:8])[OH:9])>>([OH:1][C:2](=[O:3])[C:4](=[O:5])[CH3:6].[CH:7]([C:8])=[O:9]),4.1.3.a.1.f,1,1,doubledirection,,,
4.1.3.a.1.r,([OH:1][C:2](=[O:3])[C:4](=[O:5])[CH3:6].[CH:7]([C:8])=[O:9])>>([OH:1][C:2](=[O:3])[C:4](=[O:5])[CH2:6][CH:7]([C:8])[OH:9]),4.1.3.a.1.r,1,1,doubledirection,,,
4.1.3.a.2.f,([OH:1][C:2](=[O:3])[C:4](=[O:5])[CH2:6][CH2:7][OH:9])>>([OH:1][C:2](=[O:3])[C:4](=[O:5])[CH3:6].[CH2:7]=[O:9]),4.1.3.a.2.f,1,1,doubledirection,,,
4.1.3.a.2.r,([OH:1][C:2](=[O:3])[C:4](=[O:5])[CH3:6].[CH2:7]=[O:9])>>([OH:1][C:2](=[O:3])[C:4](=[O:5])[CH2:6][CH2:7][OH:9]),4.1.3.a.2.r,1,1,doubledirection,,,
4.1.3.a.3.f,([OH:1][C:2](=[O:3])[C:4](=[O:5])[CH:6]([CH3:10])[CH:7]([C:8])[OH:9])>>([OH:1][C:2](=[O:3])[C:4](=[O:5])[CH2:6][CH3:10].[CH:7]([C:8])=[O:9]),4.1.3.a.3.f,1,1,doubledirection,,,
4.1.3.a.3.r,([OH:1][C:2](=[O:3])[C:4](=[O:5])[CH2:6][CH3:10].[CH:7]([C:8])=[O:9])>>([OH:1][C:2](=[O:3])[C:4](=[O:5])[CH:6]([CH3:10])[CH:7]([C:8])[OH:9]),4.1.3.a.3.r,1,1,doubledirection,,,
4.1.3.a.4.f,([OH:1][C:2](=[O:3])[C:4](=[O:5])[CH:6]([CH3:10])[CH2:7][OH:9])>>([OH:1][C:2](=[O:3])[C:4](=[O:5])[CH2:6][CH3:10].[CH2:7]=[O:9]),4.1.3.a.4.f,1,1,doubledirection,,,
4.1.3.a.4.r,([OH:1][C:2](=[O:3])[C:4](=[O:5])[CH2:6][CH3:10].[CH2:7]=[O:9])>>([OH:1][C:2](=[O:3])[C:4](=[O:5])[CH:6]([CH3:10])[CH2:7][OH:9]),4.1.3.a.4.r,1,1,doubledirection,,,
4.1.3.b.1.f,([C:1][C:2](=[O:3])[C:4](=[O:5])[OH:6].[CH3:7][CH2:8][C:9](=[O:10])[OH:11])>>([C:1][C:2]([OH:3])([C:4](=[O:5])[OH:6])[CH:8]([CH3:7])[C:9](=[O:10])[OH:11]),4.1.3.b.1.f,1,1,doubledirection,,,
4.1.3.b.1.r,([C:1][C:2]([OH:3])([C:4](=[O:5])[OH:6])[CH:8]([CH3:7])[C:9](=[O:10])[OH:11])>>([C:1][C:2](=[O:3])[C:4](=[O:5])[OH:6].[CH3:7][CH2:8][C:9](=[O:10])[OH:11]),4.1.3.b.1.r,1,1,doubledirection,,,
4.1.3.b.2.f,([C:1][C:2](=[O:3])[C:4](=[O:5])[OH:6].[CH3:8][C:9](=[O:10])[OH:11])>>([C:1][C:2]([OH:3])([C:4](=[O:5])[OH:6])[CH2:8][C:9](=[O:10])[OH:11]),4.1.3.b.2.f,1,1,doubledirection,,,
4.1.3.b.2.r,([C:1][C:2]([OH:3])([C:4](=[O:5])[OH:6])[CH2:8][C:9](=[O:10])[OH:11])>>([C:1][C:2](=[O:3])[C:4](=[O:5])[OH:6].[CH3:8][C:9](=[O:10])[OH:11]),4.1.3.b.2.r,1,1,doubledirection,,,
4.1.3.b.3.f,([CH:2](=[O:3])[C:4](=[O:5])[OH:6].[CH3:7][CH2:8][C:9](=[O:10])[OH:11])>>([CH:2]([OH:3])([C:4](=[O:5])[OH:6])[CH:8]([CH3:7])[C:9](=[O:10])[OH:11]),4.1.3.b.3.f,1,1,doubledirection,,,
4.1.3.b.3.r,([CH:2]([OH:3])([C:4](=[O:5])[OH:6])[CH:8]([CH3:7])[C:9](=[O:10])[OH:11])>>([CH:2](=[O:3])[C:4](=[O:5])[OH:6].[CH3:7][CH2:8][C:9](=[O:10])[OH:11]),4.1.3.b.3.r,1,1,doubledirection,,,
4.1.3.b.4.f,([CH:2](=[O:3])[C:4](=[O:5])[OH:6].[CH3:8][C:9](=[O:10])[OH:11])>>([CH:2]([OH:3])([C:4](=[O:5])[OH:6])[CH2:8][C:9](=[O:10])[OH:11]),4.1.3.b.4.f,1,1,doubledirection,,,
4.1.3.b.4.r,([CH:2]([OH:3])([C:4](=[O:5])[OH:6])[CH2:8][C:9](=[O:10])[OH:11])>>([CH:2](=[O:3])[C:4](=[O:5])[OH:6].[CH3:8][C:9](=[O:10])[OH:11]),4.1.3.b.4.r,1,1,doubledirection,,,
4.1.3.c.1.f,([OH:1][C:2](=[O:3])[C:4](=[O:5])[CH:6]([CH3:7])[C:8]([OH:9])([C:10])[C:11](=[O:12])[OH:13])>>([OH:1][C:2](=[O:3])[C:4](=[O:5])[CH2:6][CH3:7].[C:8](=[O:9])([C:10])[C:11](=[O:12])[OH:13]),4.1.3.c.1.f,1,1,doubledirection,,,
4.1.3.c.1.r,([OH:1][C:2](=[O:3])[C:4](=[O:5])[CH2:6][CH3:7].[C:8](=[O:9])([C:10])[C:11](=[O:12])[OH:13])>>([OH:1][C:2](=[O:3])[C:4](=[O:5])[CH:6]([CH3:7])[C:8]([OH:9])([C:10])[C:11](=[O:12])[OH:13]),4.1.3.c.1.r,1,1,doubledirection,,,
4.1.3.c.2.f,([OH:1][C:2](=[O:3])[C:4](=[O:5])[CH2:6][C:8]([OH:9])([C:10])[C:11](=[O:12])[OH:13])>>([OH:1][C:2](=[O:3])[C:4](=[O:5])[CH3:6].[C:8](=[O:9])([C:10])[C:11](=[O:12])[OH:13]),4.1.3.c.2.f,1,1,doubledirection,,,
4.1.3.c.2.r,([OH:1][C:2](=[O:3])[C:4](=[O:5])[CH3:6].[C:8](=[O:9])([C:10])[C:11](=[O:12])[OH:13])>>([OH:1][C:2](=[O:3])[C:4](=[O:5])[CH2:6][C:8]([OH:9])([C:10])[C:11](=[O:12])[OH:13]),4.1.3.c.2.r,1,1,doubledirection,,,
4.1.3.c.3.f,([OH:1][C:2](=[O:3])[C:4](=[O:5])[CH:6]([CH3:7])[CH:8]([OH:9])[C:11](=[O:12])[OH:13])>>([OH:1][C:2](=[O:3])[C:4](=[O:5])[CH2:6][CH3:7].[CH:8](=[O:9])[C:11](=[O:12])[OH:13]),4.1.3.c.3.f,1,1,doubledirection,,,
4.1.3.c.3.r,([OH:1][C:2](=[O:3])[C:4](=[O:5])[CH2:6][CH3:7].[CH:8](=[O:9])[C:11](=[O:12])[OH:13])>>([OH:1][C:2](=[O:3])[C:4](=[O:5])[CH:6]([CH3:7])[CH:8]([OH:9])[C:11](=[O:12])[OH:13]),4.1.3.c.3.r,1,1,doubledirection,,,
4.1.3.c.4.f,([OH:1][C:2](=[O:3])[C:4](=[O:5])[CH2:6][CH:8]([OH:9])[C:11](=[O:12])[OH:13])>>([OH:1][C:2](=[O:3])[C:4](=[O:5])[CH3:6].[CH:8](=[O:9])[C:11](=[O:12])[OH:13]),4.1.3.c.4.f,1,1,doubledirection,,,
4.1.3.c.4.r,([OH:1][C:2](=[O:3])[C:4](=[O:5])[CH3:6].[CH:8](=[O:9])[C:11](=[O:12])[OH:13])>>([OH:1][C:2](=[O:3])[C:4](=[O:5])[CH2:6][CH:8]([OH:9])[C:11](=[O:12])[OH:13]),4.1.3.c.4.r,1,1,doubledirection,,,
4.1.3.h.01.f,"([C:1][C:2](=[O:3])[C:4](=[O:5])[OH:6].[C:7](=[O:8])([C:9])([CH2:10][S,O:11][C:12]))>>([C:1][C:2](=[O:3])[C:7]([OH:8])([C:9])([CH2:10][*:11][C:12]).[C:4](=[O:5])=[O:6])",4.1.3.h.1.f,1,1,doubledirection,,,
4.1.3.h.01.r,"([C:1][C:2](=[O:3])[C:7]([OH:8])([C:9])([CH2:10][S,O:11][C:12]).[C:4](=[O:5])=[O:6])>>([C:1][C:2](=[O:3])[C:4](=[O:5])[OH:6].[C:7](=[O:8])([C:9])([CH2:10][*:11][C:12]))",4.1.3.h.1.r,1,1,doubledirection,,,
4.1.3.h.02.f,"([CH:2](=[O:3])[C:4](=[O:5])[OH:6].[C:7](=[O:8])([C:9])([CH2:10][S,O:11][C:12]))>>([CH:2](=[O:3])[C:7]([OH:8])([C:9])([CH2:10][*:11][C:12]).[C:4](=[O:5])=[O:6])",4.1.3.h.2.f,1,1,doubledirection,,,
4.1.3.h.02.r,"([CH:2](=[O:3])[C:7]([OH:8])([C:9])([CH2:10][S,O:11][C:12]).[C:4](=[O:5])=[O:6])>>([CH:2](=[O:3])[C:4](=[O:5])[OH:6].[C:7](=[O:8])([C:9])([CH2:10][*:11][C:12]))",4.1.3.h.2.r,1,1,doubledirection,,,
4.1.3.h.03.f,"([C:1][C:2](=[O:3])[C:4](=[O:5])[OH:6].[CH:7](=[O:8])([CH2:10][S,O:11][C:12]))>>([C:1][C:2](=[O:3])[CH:7]([OH:8])([CH2:10][*:11][C:12]).[C:4](=[O:5])=[O:6])",4.1.3.h.3.f,1,1,doubledirection,,,
4.1.3.h.03.r,"([C:1][C:2](=[O:3])[CH:7]([OH:8])([CH2:10][S,O:11][C:12]).[C:4](=[O:5])=[O:6])>>([C:1][C:2](=[O:3])[C:4](=[O:5])[OH:6].[CH:7](=[O:8])([CH2:10][*:11][C:12]))",4.1.3.h.3.r,1,1,doubledirection,,,
4.1.3.h.04.f,"([CH:2](=[O:3])[C:4](=[O:5])[OH:6].[CH:7](=[O:8])([CH2:10][S,O:11][C:12]))>>([CH:2](=[O:3])[CH:7]([OH:8])([CH2:10][*:11][C:12]).[C:4](=[O:5])=[O:6])",4.1.3.h.4.f,1,1,doubledirection,,,
4.1.3.h.04.r,"([CH:2](=[O:3])[CH:7]([OH:8])([CH2:10][S,O:11][C:12]).[C:4](=[O:5])=[O:6])>>([CH:2](=[O:3])[C:4](=[O:5])[OH:6].[CH:7](=[O:8])([CH2:10][*:11][C:12]))",4.1.3.h.4.r,1,1,doubledirection,,,
4.1.3.h.05.f,"([C:1][C:2](=[O:3])[C:4](=[O:5])[OH:6].[C:7](=[O:8])([C:9])([CH2:10][CH2:22][S,O:11][C:12]))>>([C:1][C:2](=[O:3])[C:7]([OH:8])([C:9])([CH2:10][CH2:22][*:11][C:12]).[C:4](=[O:5])=[O:6])",4.1.3.h.5.f,1,1,doubledirection,,,
4.1.3.h.05.r,"([C:1][C:2](=[O:3])[C:7]([OH:8])([C:9])([CH2:10][CH2:22][S,O:11][C:12]).[C:4](=[O:5])=[O:6])>>([C:1][C:2](=[O:3])[C:4](=[O:5])[OH:6].[C:7](=[O:8])([C:9])([CH2:10][CH2:22][*:11][C:12]))",4.1.3.h.5.r,1,1,doubledirection,,,
4.1.3.h.06.f,"([CH:2](=[O:3])[C:4](=[O:5])[OH:6].[C:7](=[O:8])([C:9])([CH2:10][CH2:22][S,O:11][C:12]))>>([CH:2](=[O:3])[C:7]([OH:8])([C:9])([CH2:10][CH2:22][*:11][C:12]).[C:4](=[O:5])=[O:6])",4.1.3.h.6.f,1,1,doubledirection,,,
4.1.3.h.06.r,"([CH:2](=[O:3])[C:7]([OH:8])([C:9])([CH2:10][CH2:22][S,O:11][C:12]).[C:4](=[O:5])=[O:6])>>([CH:2](=[O:3])[C:4](=[O:5])[OH:6].[C:7](=[O:8])([C:9])([CH2:10][CH2:22][*:11][C:12]))",4.1.3.h.6.r,1,1,doubledirection,,,
4.1.3.h.07.f,"([C:1][C:2](=[O:3])[C:4](=[O:5])[OH:6].[CH:7](=[O:8])([CH2:10][CH2:22][S,O:11][C:12]))>>([C:1][C:2](=[O:3])[CH:7]([OH:8])([CH2:10][CH2:22][*:11][C:12]).[C:4](=[O:5])=[O:6])",4.1.3.h.7.f,1,1,doubledirection,,,
4.1.3.h.07.r,"([C:1][C:2](=[O:3])[CH:7]([OH:8])([CH2:10][CH2:22][S,O:11][C:12]).[C:4](=[O:5])=[O:6])>>([C:1][C:2](=[O:3])[C:4](=[O:5])[OH:6].[CH:7](=[O:8])([CH2:10][CH2:22][*:11][C:12]))",4.1.3.h.7.r,1,1,doubledirection,,,
4.1.3.h.08.f,"([CH:2](=[O:3])[C:4](=[O:5])[OH:6].[CH:7](=[O:8])([CH2:10][CH2:22][S,O:11][C:12]))>>([CH:2](=[O:3])[CH:7]([OH:8])([CH2:10][CH2:22][*:11][C:12]).[C:4](=[O:5])=[O:6])",4.1.3.h.8.f,1,1,doubledirection,,,
4.1.3.h.08.r,"([CH:2](=[O:3])[CH:7]([OH:8])([CH2:10][CH2:22][S,O:11][C:12]).[C:4](=[O:5])=[O:6])>>([CH:2](=[O:3])[C:4](=[O:5])[OH:6].[CH:7](=[O:8])([CH2:10][CH2:22][*:11][C:12]))",4.1.3.h.8.r,1,1,doubledirection,,,
4.1.3.h.09.f,"([C:1][C:2](=[O:3])[C:4](=[O:5])[OH:6].[C:7](=[O:8])([C:9])([CH2:10][CH2:22][CH2:23][S,O:11][C:12]))>>([C:1][C:2](=[O:3])[C:7]([OH:8])([C:9])([CH2:10][CH2:22][CH2:23][*:11][C:12]).[C:4](=[O:5])=[O:6])",4.1.3.h.9.f,1,1,doubledirection,,,
4.1.3.h.09.r,"([C:1][C:2](=[O:3])[C:7]([OH:8])([C:9])([CH2:10][CH2:22][CH2:23][S,O:11][C:12]).[C:4](=[O:5])=[O:6])>>([C:1][C:2](=[O:3])[C:4](=[O:5])[OH:6].[C:7](=[O:8])([C:9])([CH2:10][CH2:22][CH2:23][*:11][C:12]))",4.1.3.h.9.r,1,1,doubledirection,,,
4.1.3.h.10.f,"([CH:2](=[O:3])[C:4](=[O:5])[OH:6].[C:7](=[O:8])([C:9])([CH2:10][CH2:22][CH2:23][S,O:11][C:12]))>>([CH:2](=[O:3])[C:7]([OH:8])([C:9])([CH2:10][CH2:22][CH2:23][*:11][C:12]).[C:4](=[O:5])=[O:6])",4.1.3.h.10.f,1,1,doubledirection,,,
4.1.3.h.10.r,"([CH:2](=[O:3])[C:7]([OH:8])([C:9])([CH2:10][CH2:22][CH2:23][S,O:11][C:12]).[C:4](=[O:5])=[O:6])>>([CH:2](=[O:3])[C:4](=[O:5])[OH:6].[C:7](=[O:8])([C:9])([CH2:10][CH2:22][CH2:23][*:11][C:12]))",4.1.3.h.10.r,1,1,doubledirection,,,
4.1.3.h.11.f,"([C:1][C:2](=[O:3])[C:4](=[O:5])[OH:6].[CH:7](=[O:8])([CH2:10][CH2:22][CH2:23][S,O:11][C:12]))>>([C:1][C:2](=[O:3])[CH:7]([OH:8])([CH2:10][CH2:22][CH2:23][*:11][C:12]).[C:4](=[O:5])=[O:6])",4.1.3.h.11.f,1,1,doubledirection,,,
4.1.3.h.11.r,"([C:1][C:2](=[O:3])[CH:7]([OH:8])([CH2:10][CH2:22][CH2:23][S,O:11][C:12]).[C:4](=[O:5])=[O:6])>>([C:1][C:2](=[O:3])[C:4](=[O:5])[OH:6].[CH:7](=[O:8])([CH2:10][CH2:22][CH2:23][*:11][C:12]))",4.1.3.h.11.r,1,1,doubledirection,,,
4.1.3.h.12.f,"([CH:2](=[O:3])[C:4](=[O:5])[OH:6].[CH:7](=[O:8])([CH2:10][CH2:22][CH2:23][S,O:11][C:12]))>>([CH:2](=[O:3])[CH:7]([OH:8])([CH2:10][CH2:22][CH2:23][*:11][C:12]).[C:4](=[O:5])=[O:6])",4.1.3.h.12.f,1,1,doubledirection,,,
4.1.3.h.12.r,"([CH:2](=[O:3])[CH:7]([OH:8])([CH2:10][CH2:22][CH2:23][S,O:11][C:12]).[C:4](=[O:5])=[O:6])>>([CH:2](=[O:3])[C:4](=[O:5])[OH:6].[CH:7](=[O:8])([CH2:10][CH2:22][CH2:23][*:11][C:12]))",4.1.3.h.12.r,1,1,doubledirection,,,
4.1.3.h.13.f,"([C:1][C:2](=[O:3])[C:4](=[O:5])[OH:6].[C:7](=[O:8])([C:9])([CH2:10][CH2:22][CH2:23][CH2:24][S,O:11][C:12]))>>([C:1][C:2](=[O:3])[C:7]([OH:8])([C:9])([CH2:10][CH2:22][CH2:23][CH2:24][*:11][C:12]).[C:4](=[O:5])=[O:6])",4.1.3.h.13.f,1,1,doubledirection,,,
4.1.3.h.13.r,"([C:1][C:2](=[O:3])[C:7]([OH:8])([C:9])([CH2:10][CH2:22][CH2:23][CH2:24][S,O:11][C:12]).[C:4](=[O:5])=[O:6])>>([C:1][C:2](=[O:3])[C:4](=[O:5])[OH:6].[C:7](=[O:8])([C:9])([CH2:10][CH2:22][CH2:23][CH2:24][*:11][C:12]))",4.1.3.h.13.r,1,1,doubledirection,,,
4.1.3.h.14.f,"([CH:2](=[O:3])[C:4](=[O:5])[OH:6].[C:7](=[O:8])([C:9])([CH2:10][CH2:22][CH2:23][CH2:24][S,O:11][C:12]))>>([CH:2](=[O:3])[C:7]([OH:8])([C:9])([CH2:10][CH2:22][CH2:23][CH2:24][*:11][C:12]).[C:4](=[O:5])=[O:6])",4.1.3.h.14.f,1,1,doubledirection,,,
4.1.3.h.14.r,"([CH:2](=[O:3])[C:7]([OH:8])([C:9])([CH2:10][CH2:22][CH2:23][CH2:24][S,O:11][C:12]).[C:4](=[O:5])=[O:6])>>([CH:2](=[O:3])[C:4](=[O:5])[OH:6].[C:7](=[O:8])([C:9])([CH2:10][CH2:22][CH2:23][CH2:24][*:11][C:12]))",4.1.3.h.14.r,1,1,doubledirection,,,
4.1.3.h.15.f,"([C:1][C:2](=[O:3])[C:4](=[O:5])[OH:6].[CH:7](=[O:8])([CH2:10][CH2:22][CH2:23][CH2:24][S,O:11][C:12]))>>([C:1][C:2](=[O:3])[CH:7]([OH:8])([CH2:10][CH2:22][CH2:23][CH2:24][*:11][C:12]).[C:4](=[O:5])=[O:6])",4.1.3.h.15.f,1,1,doubledirection,,,
4.1.3.h.15.r,"([C:1][C:2](=[O:3])[CH:7]([OH:8])([CH2:10][CH2:22][CH2:23][CH2:24][S,O:11][C:12]).[C:4](=[O:5])=[O:6])>>([C:1][C:2](=[O:3])[C:4](=[O:5])[OH:6].[CH:7](=[O:8])([CH2:10][CH2:22][CH2:23][CH2:24][*:11][C:12]))",4.1.3.h.15.r,1,1,doubledirection,,,
4.1.3.h.16.f,"([CH:2](=[O:3])[C:4](=[O:5])[OH:6].[CH:7](=[O:8])([CH2:10][CH2:22][CH2:23][CH2:24][S,O:11][C:12]))>>([CH:2](=[O:3])[CH:7]([OH:8])([CH2:10][CH2:22][CH2:23][CH2:24][*:11][C:12]).[C:4](=[O:5])=[O:6])",4.1.3.h.16.f,1,1,doubledirection,,,
4.1.3.h.16.r,"([CH:2](=[O:3])[CH:7]([OH:8])([CH2:10][CH2:22][CH2:23][CH2:24][S,O:11][C:12]).[C:4](=[O:5])=[O:6])>>([CH:2](=[O:3])[C:4](=[O:5])[OH:6].[CH:7](=[O:8])([CH2:10][CH2:22][CH2:23][CH2:24][*:11][C:12]))",4.1.3.h.16.r,1,1,doubledirection,,,
4.1.3.h.17.f,"([C:1][C:2](=[O:3])[C:4](=[O:5])[OH:6].[C:7](=[O:8])([C:9])([CH2:10][CH2:22][CH2:23][CH2:24][CH2:25][S,O:11][C:12]))>>([C:1][C:2](=[O:3])[C:7]([OH:8])([C:9])([CH2:10][CH2:22][CH2:23][CH2:24][CH2:25][*:11][C:12]).[C:4](=[O:5])=[O:6])",4.1.3.h.17.f,1,1,doubledirection,,,
4.1.3.h.17.r,"([C:1][C:2](=[O:3])[C:7]([OH:8])([C:9])([CH2:10][CH2:22][CH2:23][CH2:24][CH2:25][S,O:11][C:12]).[C:4](=[O:5])=[O:6])>>([C:1][C:2](=[O:3])[C:4](=[O:5])[OH:6].[C:7](=[O:8])([C:9])([CH2:10][CH2:22][CH2:23][CH2:24][CH2:25][*:11][C:12]))",4.1.3.h.17.r,1,1,doubledirection,,,
4.1.3.h.18.f,"([CH:2](=[O:3])[C:4](=[O:5])[OH:6].[C:7](=[O:8])([C:9])([CH2:10][CH2:22][CH2:23][CH2:24][CH2:25][S,O:11][C:12]))>>([CH:2](=[O:3])[C:7]([OH:8])([C:9])([CH2:10][CH2:22][CH2:23][CH2:24][CH2:25][*:11][C:12]).[C:4](=[O:5])=[O:6])",4.1.3.h.18.f,1,1,doubledirection,,,
4.1.3.h.18.r,"([CH:2](=[O:3])[C:7]([OH:8])([C:9])([CH2:10][CH2:22][CH2:23][CH2:24][CH2:25][S,O:11][C:12]).[C:4](=[O:5])=[O:6])>>([CH:2](=[O:3])[C:4](=[O:5])[OH:6].[C:7](=[O:8])([C:9])([CH2:10][CH2:22][CH2:23][CH2:24][CH2:25][*:11][C:12]))",4.1.3.h.18.r,1,1,doubledirection,,,
4.1.3.h.19.f,"([C:1][C:2](=[O:3])[C:4](=[O:5])[OH:6].[CH:7](=[O:8])([CH2:10][CH2:22][CH2:23][CH2:24][CH2:25][S,O:11][C:12]))>>([C:1][C:2](=[O:3])[CH:7]([OH:8])([CH2:10][CH2:22][CH2:23][CH2:24][CH2:25][*:11][C:12]).[C:4](=[O:5])=[O:6])",4.1.3.h.19.f,1,1,doubledirection,,,
4.1.3.h.19.r,"([C:1][C:2](=[O:3])[CH:7]([OH:8])([CH2:10][CH2:22][CH2:23][CH2:24][CH2:25][S,O:11][C:12]).[C:4](=[O:5])=[O:6])>>([C:1][C:2](=[O:3])[C:4](=[O:5])[OH:6].[CH:7](=[O:8])([CH2:10][CH2:22][CH2:23][CH2:24][CH2:25][*:11][C:12]))",4.1.3.h.19.r,1,1,doubledirection,,,
4.1.3.h.20.f,"([CH:2](=[O:3])[C:4](=[O:5])[OH:6].[CH:7](=[O:8])([CH2:10][CH2:22][CH2:23][CH2:24][CH2:25][S,O:11][C:12]))>>([CH:2](=[O:3])[CH:7]([OH:8])([CH2:10][CH2:22][CH2:23][CH2:24][CH2:25][*:11][C:12]).[C:4](=[O:5])=[O:6])",4.1.3.h.20.f,1,1,doubledirection,,,
4.1.3.h.20.r,"([CH:2](=[O:3])[CH:7]([OH:8])([CH2:10][CH2:22][CH2:23][CH2:24][CH2:25][S,O:11][C:12]).[C:4](=[O:5])=[O:6])>>([CH:2](=[O:3])[C:4](=[O:5])[OH:6].[CH:7](=[O:8])([CH2:10][CH2:22][CH2:23][CH2:24][CH2:25][*:11][C:12]))",4.1.3.h.20.r,1,1,doubledirection,,,
4.1.3.h.21.f,"([C:1][C:2](=[O:3])[C:4](=[O:5])[OH:6].[C:7](=[O:8])([C:9])([CH2:10][CH2:22][CH2:23][CH2:24][CH2:25][CH2:26][S,O:11][C:12]))>>([C:1][C:2](=[O:3])[C:7]([OH:8])([C:9])([CH2:10][CH2:22][CH2:23][CH2:24][CH2:25][CH2:26][*:11][C:12]).[C:4](=[O:5])=[O:6])",4.1.3.h.21.f,1,1,doubledirection,,,
4.1.3.h.21.r,"([C:1][C:2](=[O:3])[C:7]([OH:8])([C:9])([CH2:10][CH2:22][CH2:23][CH2:24][CH2:25][CH2:26][S,O:11][C:12]).[C:4](=[O:5])=[O:6])>>([C:1][C:2](=[O:3])[C:4](=[O:5])[OH:6].[C:7](=[O:8])([C:9])([CH2:10][CH2:22][CH2:23][CH2:24][CH2:25][CH2:26][*:11][C:12]))",4.1.3.h.21.r,1,1,doubledirection,,,
4.1.3.h.22.f,"([CH:2](=[O:3])[C:4](=[O:5])[OH:6].[C:7](=[O:8])([C:9])([CH2:10][CH2:22][CH2:23][CH2:24][CH2:25][CH2:26][S,O:11][C:12]))>>([CH:2](=[O:3])[C:7]([OH:8])([C:9])([CH2:10][CH2:22][CH2:23][CH2:24][CH2:25][CH2:26][*:11][C:12]).[C:4](=[O:5])=[O:6])",4.1.3.h.22.f,1,1,doubledirection,,,
4.1.3.h.22.r,"([CH:2](=[O:3])[C:7]([OH:8])([C:9])([CH2:10][CH2:22][CH2:23][CH2:24][CH2:25][CH2:26][S,O:11][C:12]).[C:4](=[O:5])=[O:6])>>([CH:2](=[O:3])[C:4](=[O:5])[OH:6].[C:7](=[O:8])([C:9])([CH2:10][CH2:22][CH2:23][CH2:24][CH2:25][CH2:26][*:11][C:12]))",4.1.3.h.22.r,1,1,doubledirection,,,
4.1.3.h.23.f,"([C:1][C:2](=[O:3])[C:4](=[O:5])[OH:6].[CH:7](=[O:8])([CH2:10][CH2:22][CH2:23][CH2:24][CH2:25][CH2:26][S,O:11][C:12]))>>([C:1][C:2](=[O:3])[CH:7]([OH:8])([CH2:10][CH2:22][CH2:23][CH2:24][CH2:25][CH2:26][*:11][C:12]).[C:4](=[O:5])=[O:6])",4.1.3.h.23.f,1,1,doubledirection,,,
4.1.3.h.23.r,"([C:1][C:2](=[O:3])[CH:7]([OH:8])([CH2:10][CH2:22][CH2:23][CH2:24][CH2:25][CH2:26][S,O:11][C:12]).[C:4](=[O:5])=[O:6])>>([C:1][C:2](=[O:3])[C:4](=[O:5])[OH:6].[CH:7](=[O:8])([CH2:10][CH2:22][CH2:23][CH2:24][CH2:25][CH2:26][*:11][C:12]))",4.1.3.h.23.r,1,1,doubledirection,,,
4.1.3.h.24.f,"([CH:2](=[O:3])[C:4](=[O:5])[OH:6].[CH:7](=[O:8])([CH2:10][CH2:22][CH2:23][CH2:24][CH2:25][CH2:26][S,O:11][C:12]))>>([CH:2](=[O:3])[CH:7]([OH:8])([CH2:10][CH2:22][CH2:23][CH2:24][CH2:25][CH2:26][*:11][C:12]).[C:4](=[O:5])=[O:6])",4.1.3.h.24.f,1,1,doubledirection,,,
4.1.3.h.24.r,"([CH:2](=[O:3])[CH:7]([OH:8])([CH2:10][CH2:22][CH2:23][CH2:24][CH2:25][CH2:26][S,O:11][C:12]).[C:4](=[O:5])=[O:6])>>([CH:2](=[O:3])[C:4](=[O:5])[OH:6].[CH:7](=[O:8])([CH2:10][CH2:22][CH2:23][CH2:24][CH2:25][CH2:26][*:11][C:12]))",4.1.3.h.24.r,1,1,doubledirection,,,
4.1.3.h.25.f,"([C:1][C:2](=[O:3])[C:4](=[O:5])[OH:6].[C:7](=[O:8])([C:9])([C:10](=[O:20])[S,O:11][C:12]))>>([C:1][C:2](=[O:3])[C:7]([OH:8])([C:9])([C:10](=[O:20])[*:11][C:12]).[C:4](=[O:5])=[O:6])",4.1.3.h.25.f,1,1,doubledirection,,,
4.1.3.h.25.r,"([C:1][C:2](=[O:3])[C:7]([OH:8])([C:9])([C:10](=[O:20])[S,O:11][C:12]).[C:4](=[O:5])=[O:6])>>([C:1][C:2](=[O:3])[C:4](=[O:5])[OH:6].[C:7](=[O:8])([C:9])([C:10](=[O:20])[*:11][C:12]))",4.1.3.h.25.r,1,1,doubledirection,,,
4.1.3.h.26.f,"([CH:2](=[O:3])[C:4](=[O:5])[OH:6].[C:7](=[O:8])([C:9])([C:10](=[O:20])[S,O:11][C:12]))>>([CH:2](=[O:3])[C:7]([OH:8])([C:9])([C:10](=[O:20])[*:11][C:12]).[C:4](=[O:5])=[O:6])",4.1.3.h.26.f,1,1,doubledirection,,,
4.1.3.h.26.r,"([CH:2](=[O:3])[C:7]([OH:8])([C:9])([C:10](=[O:20])[S,O:11][C:12]).[C:4](=[O:5])=[O:6])>>([CH:2](=[O:3])[C:4](=[O:5])[OH:6].[C:7](=[O:8])([C:9])([C:10](=[O:20])[*:11][C:12]))",4.1.3.h.26.r,1,1,doubledirection,,,
4.1.3.h.27.f,"([C:1][C:2](=[O:3])[C:4](=[O:5])[OH:6].[CH:7](=[O:8])([C:10](=[O:20])[S,O:11][C:12]))>>([C:1][C:2](=[O:3])[CH:7]([OH:8])([C:10](=[O:20])[*:11][C:12]).[C:4](=[O:5])=[O:6])",4.1.3.h.27.f,1,1,doubledirection,,,
4.1.3.h.27.r,"([C:1][C:2](=[O:3])[CH:7]([OH:8])([C:10](=[O:20])[S,O:11][C:12]).[C:4](=[O:5])=[O:6])>>([C:1][C:2](=[O:3])[C:4](=[O:5])[OH:6].[CH:7](=[O:8])([C:10](=[O:20])[*:11][C:12]))",4.1.3.h.27.r,1,1,doubledirection,,,
4.1.3.h.28.f,"([CH:2](=[O:3])[C:4](=[O:5])[OH:6].[CH:7](=[O:8])([C:10](=[O:20])[S,O:11][C:12]))>>([CH:2](=[O:3])[CH:7]([OH:8])([C:10](=[O:20])[*:11][C:12]).[C:4](=[O:5])=[O:6])",4.1.3.h.28.f,1,1,doubledirection,,,
4.1.3.h.28.r,"([CH:2](=[O:3])[CH:7]([OH:8])([C:10](=[O:20])[S,O:11][C:12]).[C:4](=[O:5])=[O:6])>>([CH:2](=[O:3])[C:4](=[O:5])[OH:6].[CH:7](=[O:8])([C:10](=[O:20])[*:11][C:12]))",4.1.3.h.28.r,1,1,doubledirection,,,
4.1.3.i.1.f,"([C:1][C:2](=[O:3])[C:4](=[O:5])[OH:6].[O:7]=[C:8]1[CH2:9][C,O,S:10][C,O,S:11][C,O,S:12][CH2:13]1)>>([C:4](=[O:5])=[O:6].[C:1][C:2](=[O:3])[C:8]1([OH:7])[CH2:9][*:10][*:11][*:12][CH2:13]1)",4.1.3.i.1.f,1,1,doubledirection,,,
4.1.3.i.1.r,"([C:4](=[O:5])=[O:6].[C:1][C:2](=[O:3])[C:8]1([OH:7])[CH2:9][C,O,S:10][C,O,S:11][C,O,S:12][CH2:13]1)>>([C:1][C:2](=[O:3])[C:4](=[O:5])[OH:6].[O:7]=[C:8]1[CH2:9][*:10][*:11][*:12][CH2:13]1)",4.1.3.i.1.r,1,1,doubledirection,,,
4.1.3.i.2.f,"([CH:2](=[O:3])[C:4](=[O:5])[OH:6].[O:7]=[C:8]1[CH2:9][C,O,S:10][C,O,S:11][C,O,S:12][CH2:13]1)>>([C:4](=[O:5])=[O:6].[CH:2](=[O:3])[C:8]1([OH:7])[CH2:9][*:10][*:11][*:12][CH2:13]1)",4.1.3.i.2.f,1,1,doubledirection,,,
4.1.3.i.2.r,"([C:4](=[O:5])=[O:6].[CH:2](=[O:3])[C:8]1([OH:7])[CH2:9][C,O,S:10][C,O,S:11][C,O,S:12][CH2:13]1)>>([CH:2](=[O:3])[C:4](=[O:5])[OH:6].[O:7]=[C:8]1[CH2:9][*:10][*:11][*:12][CH2:13]1)",4.1.3.i.2.r,1,1,doubledirection,,,
4.2.1.a.1.f,"([C,S,O:1][C:2](=[O:3])[CH,CH2:4][C:5][O:6])>>([*:1][C:2](=[O:3])[C:4]=[C:5].[*:6])",4.2.1.a.1.f,1,1,doubledirection,,,
4.2.1.a.1.r,"([C,S,O:1][C:2](=[O:3])[C:4]=[C:5].[OH,OH2:6])>>([*:1][C:2](=[O:3])[C:4][C:5][O:6])",4.2.1.a.1.r,1,1,doubledirection,,,
4.2.1.a.2.f,"([CH:2](=[O:3])[CH,CH2:4][C:5][O:6])>>([CH:2](=[O:3])[C:4]=[C:5].[*:6])",4.2.1.a.2.f,1,1,doubledirection,,,
4.2.1.a.2.r,"([CH:2](=[O:3])[C:4]=[C:5].[OH,OH2:6])>>([CH:2](=[O:3])[C:4][C:5][O:6])",4.2.1.a.2.r,1,1,doubledirection,,,
4.2.1.c.1.f,([OH:1][C:2](=[O:3])[CH:4]([NH2:5])[C:6][C:10]1=[CH:11][CH:12]=[C:13]([OH:14])[CH:15]=[CH:16]1.[OH2:17])>>([OH:1][C:2](=[O:3])[CH:4]([NH2:5])[C:6][OH:17].[CH:10]1=[CH:11][CH:12]=[C:13]([OH:14])[CH:15]=[CH:16]1),4.2.1.c.1.f,1,1,doubledirection,,,
4.2.1.c.1.r,([OH:1][C:2](=[O:3])[CH:4]([NH2:5])[C:6][OH:17].[CH:10]1=[CH:11][CH:12]=[C:13]([OH:14])[CH:15]=[CH:16]1)>>([OH:1][C:2](=[O:3])[CH:4]([NH2:5])[C:6][C:10]1=[CH:11][CH:12]=[C:13]([OH:14])[CH:15]=[CH:16]1.[OH2:17]),4.2.1.c.1.r,1,1,doubledirection,,,
4.2.1.d.1.f,"([OH:1][C:2](=[O:3])[CH:4]([NH2:5])[C:6][S,O:7].[CH:11]1[C:12]2[C:13](=[CH:14][CH:15]=[CH:16][CH:17]=2)[NH:18][CH:19]=1)>>([OH:1][C:2](=[O:3])[CH:4]([NH2:5])[C:6][C:11]1[C:12]2[C:13](=[CH:14][CH:15]=[CH:16][CH:17]=2)[NH:18][CH:19]=1.[*:7])",4.2.1.d.1.f,1,1,doubledirection,,,
4.2.1.d.1.r,"([OH:1][C:2](=[O:3])[CH:4]([NH2:5])[C:6][C:11]1[C:12]2[C:13](=[CH:14][CH:15]=[CH:16][CH:17]=2)[NH:18][CH:19]=1.[SH,OH,OH2,SH2:7])>>([OH:1][C:2](=[O:3])[CH:4]([NH2:5])[C:6][*:7].[CH:11]1[C:12]2[C:13](=[CH:14][CH:15]=[CH:16][CH:17]=2)[NH:18][CH:19]=1)",4.2.1.d.1.r,1,1,doubledirection,,,
4.2.1.e.1.f,([OH:1][CH2:2][CH:3]([OH:4])[CH:5]([CH3:6])[OH:7])>>([OH:1][CH2:2][CH2:3][C:5]([CH3:6])=[O:7].[OH2:4]),4.2.1.e.1.f,1,1,doubledirection,,,
4.2.1.e.1.r,([OH:1][CH2:2][CH2:3][C:5]([CH3:6])=[O:7].[OH2:4])>>([OH:1][CH2:2][CH:3]([OH:4])[CH:5]([CH3:6])[OH:7]),4.2.1.e.1.r,1,1,doubledirection,,,
4.2.1.e.2.f,([CH3:2][CH:3]([OH:4])[CH:5]([CH3:6])[OH:7])>>([CH3:2][CH2:3][C:5]([CH3:6])=[O:7].[OH2:4]),4.2.1.e.2.f,1,1,doubledirection,,,
4.2.1.e.2.r,([CH3:2][CH2:3][C:5]([CH3:6])=[O:7].[OH2:4])>>([CH3:2][CH:3]([OH:4])[CH:5]([CH3:6])[OH:7]),4.2.1.e.2.r,1,1,doubledirection,,,
4.2.1.e.3.f,([OH:1][CH2:2][CH:3]([OH:4])[CH2:5][OH:7])>>([OH:1][CH2:2][CH2:3][CH:5]=[O:7].[OH2:4]),4.2.1.e.3.f,1,1,doubledirection,,,
4.2.1.e.3.r,([OH:1][CH2:2][CH2:3][CH:5]=[O:7].[OH2:4])>>([OH:1][CH2:2][CH:3]([OH:4])[CH2:5][OH:7]),4.2.1.e.3.r,1,1,doubledirection,,,
4.2.1.e.4.f,([CH3:2][CH:3]([OH:4])[CH2:5][OH:7])>>([CH3:2][CH2:3][CH:5]=[O:7].[OH2:4]),4.2.1.e.4.f,1,1,doubledirection,,,
4.2.1.e.4.r,([CH3:2][CH2:3][CH:5]=[O:7].[OH2:4])>>([CH3:2][CH:3]([OH:4])[CH2:5][OH:7]),4.2.1.e.4.r,1,1,doubledirection,,,
4.2.1.f.1.f,([C:1]#[N:2].[OH2:3])>>([C:1]([NH2:2])=[O:3]),4.2.1.f.1.f,1,1,doubledirection,,,
4.2.1.f.1.r,([C:1]([NH2:2])=[O:3])>>([C:1]#[N:2].[OH2:3]),4.2.1.f.1.r,1,1,doubledirection,,,
4.2.2.a.1.f,([O:1][C:2][O:3][C:4].[OH2:5])>>([O:1][C:2][OH:3].[C:4][OH:5]),4.2.2.a.1.f,1,1,doubledirection,,,
4.2.2.a.1.r,([O:1][C:2][OH:3].[C:4][OH:5])>>([O:1][C:2][O:3][C:4]),4.2.2.a.1.r,1,1,doubledirection,,,
4.2.3.a.1.f,([C:1][CH:2]([NH2:3])[C:4][O:5][P:6]([O:7])([O:8])(=[O:9]))>>([C:1][C:2]([NH2:3])=[C:4].[OH:5][P:6]([O:7])([O:8])(=[O:9])),4.2.3.a.1.f,1,1,doubledirection,,,
4.2.3.a.1.r,([C:1][C:2]([NH2:3])=[C:4].[OH:5][P:6]([O:7])([O:8])(=[O:9]))>>([C:1][CH:2]([NH2:3])[C:4][O:5][P:6]([O:7])([O:8])(=[O:9])),4.2.3.a.1.r,1,1,doubledirection,,,
4.2.3.a.2.f,([CH2:2]([NH2:3])[C:4][O:5][P:6]([O:7])([O:8])(=[O:9]))>>([CH:2]([NH2:3])=[C:4].[OH:5][P:6]([O:7])([O:8])(=[O:9])),4.2.3.a.2.f,1,1,doubledirection,,,
4.2.3.a.2.r,([CH:2]([NH2:3])=[C:4].[OH:5][P:6]([O:7])([O:8])(=[O:9]))>>([CH2:2]([NH2:3])[C:4][O:5][P:6]([O:7])([O:8])(=[O:9])),4.2.3.a.2.r,1,1,doubledirection,,,
4.2.3.b.1.f,"([O:1]=[C:2][CH,CH2:3][C:4][O:5][P:6]([O:7])([O:8])(=[O:9]))>>([O:1]=[C:2][C:3]=[C:4].[OH:5][P:6]([O:7])([O:8])(=[O:9]))",4.2.3.b.1.f,1,1,doubledirection,,,
4.2.3.b.1.r,([O:1]=[C:2][C:3]=[C:4].[OH:5][P:6]([O:7])([O:8])(=[O:9]))>>([O:1]=[C:2][C:3][C:4][O:5][P:6]([O:7])([O:8])(=[O:9])),4.2.3.b.1.r,1,1,doubledirection,,,
4.2.3.c.1.f,"([CH,CH2,CH3:1][C:2]=[C:3][C:4][O:5][P:6]([O:7])([O:8])(=[O:9]))>>([*:1]=[C:2][C:3]=[C:4].[OH:5][P:6]([O:7])([O:8])(=[O:9]))",4.2.3.c.1.f,1,1,doubledirection,,,
4.2.3.c.1.r,([C:1]=[C:2][C:3]=[C:4].[OH:5][P:6]([O:7])([O:8])(=[O:9]))>>([C:1][C:2]=[C:3][C:4][O:5][P:6]([O:7])([O:8])(=[O:9])),4.2.3.c.1.r,1,1,doubledirection,,,
4.3.1.a.1.f,"([O:1]=[C:2][CH,CH2:3][C:4][N:5])>>([O:1]=[C:2][*:3]=[C:4].[N:5])",4.3.1.a.1.f,1,1,doubledirection,,,
4.3.1.a.1.r,"([O:1]=[C:2][C:3]=[C:4].[NH,NH2,NH3:5])>>([O:1]=[C:2][C:3][C:4][*:5])",4.3.1.a.1.r,1,1,doubledirection,,,
4.3.1.b.1.f,"([O:1]=[C:2][C:6]=[C:7][CH,CH2:3][C:4][N:5])>>([O:1]=[C:2][C:6]=[C:7][*:3]=[C:4].[N:5])",4.3.1.b.1.f,1,1,doubledirection,,,
4.3.1.b.1.r,"([O:1]=[C:2][C:6]=[C:7][C:3]=[C:4].[NH,NH2,NH3:5])>>([O:1]=[C:2][C:6]=[C:7][C:3][C:4][*:5])",4.3.1.b.1.r,1,1,doubledirection,,,
4.3.1.c.1.f,"([N:1][C:2][CH,CH2:3][C:4]1=[C:5][C:6]=[C:7][C:8]=[C:9]1)>>([N:1].[C:2]=[*:3][C:4]1=[C:5][C:6]=[C:7][C:8]=[C:9]1)",4.3.1.c.1.f,1,1,doubledirection,,,
4.3.1.c.1.r,"([NH,NH2,NH3:1].[C:2]=[C:3][C:4]1=[C:5][C:6]=[C:7][C:8]=[C:9]1)>>([*:1][C:2][C:3][C:4]1=[C:5][C:6]=[C:7][C:8]=[C:9]1)",4.3.1.c.1.r,1,1,doubledirection,,,
4.3.1.d.1.f,"([C:1][CH:2]([NH2:3])[CH,CH2:4][OH:5])>>([C:1][C:2]([*:4])=[O:5].[NH3:3])",4.3.1.d.1.f,1,1,doubledirection,,,
4.3.1.d.1.r,"([C:1][C:2]([CH2,CH3:4])=[O:5].[NH3:3])>>([C:1][CH:2]([NH2:3])[*:4][OH:5])",4.3.1.d.1.r,1,1,doubledirection,,,
4.3.1.d.2.f,"([CH2:2]([NH2:3])[CH,CH2:4][OH:5])>>([CH:2]([*:4])=[O:5].[NH3:3])",4.3.1.d.2.f,1,1,doubledirection,,,
4.3.1.d.2.r,"([CH:2]([CH2,CH3:4])=[O:5].[NH3:3])>>([CH2:2]([NH2:3])[*:4][OH:5])",4.3.1.d.2.r,1,1,doubledirection,,,
4.3.2.a.1.f,([O:1]=[C:2][NH:3][C:4][OH:5])>>([O:1]=[C:2][NH2:3].[C:4]=[O:5]),4.3.2.a.1.f,1,1,doubledirection,,,
4.3.2.a.1.r,([O:1]=[C:2][NH2:3].[C:4]=[O:5])>>([O:1]=[C:2][NH:3][C:4][OH:5]),4.3.2.a.1.r,1,1,doubledirection,,,
5.3.1.a.1.f,([OH:1][C:2]1[CH:3]([OH:4])[C:5][C:6][C:7][O:8]1)>>([OH:1][C:2][C:3]1([OH:4])[C:5][C:6][C:7][O:8]1),5.3.1.a.1.f,1,1,doubledirection,,,
5.3.1.a.1.r,"([OH:1][CH,CH2:2][C:3]1([OH:4])[C:5][C:6][C:7][O:8]1)>>([OH:1][*:2]1[CH:3]([OH:4])[C:5][C:6][C:7][O:8]1)",5.3.1.a.1.r,1,1,doubledirection,,,
5.3.2.a.1.f,([C:1]=[C:2][OH:3])>>([C:1][C:2]=[O:3]),5.3.2.a.1.f,1,1,doubledirection,,,
5.3.2.a.1.r,"([CH,CH2,CH3:1][C:2]=[O:3])>>([*:1]=[C:2][OH:3])",5.3.2.a.1.r,1,1,doubledirection,,,
5.3.2.b.1.f,"([O:1]=[C:2][CH,CH2:3][C:4]=[C:5])>>([O:1]=[C:2][C:3]=[C:4][C:5])",5.3.2.b.1.f,1,1,doubledirection,,,
5.3.2.b.1.r,"([O:1]=[C:2][C:3]=[C:4][CH,CH2,CH3:5])>>([O:1]=[C:2][C:3][C:4]=[C:5])",5.3.2.b.1.r,1,1,doubledirection,,,
5.4.2.a.1.f,([CH2:1][C:2][O:3][P:4]([OH:5])([OH:6])=[O:7])>>([O:3]=[C:2][CH2:1][P:4]([OH:5])([OH:6])=[O:7]),5.4.2.a.1.f,1,1,doubledirection,,,
5.4.2.a.1.r,([O:3]=[C:2][CH2:1][P:4]([OH:5])([OH:6])=[O:7])>>([CH2:1][C:2][O:3][P:4]([OH:5])([OH:6])=[O:7]),5.4.2.a.1.r,1,1,doubledirection,,,
5.4.3.a.1.f,"([OH:1][C:2](=[O:3])[C:4]([NH2:5])[CH,CH2,CH3:6])>>([OH:1][C:2](=[O:3])[C:4][C:6][NH2:5])",5.4.3.a.1.f,1,1,doubledirection,,,
5.4.3.a.1.r,"([OH:1][C:2](=[O:3])[CH,CH2:4][C:6][NH2:5])>>([OH:1][C:2](=[O:3])[C:4]([NH2:5])[C:6])",5.4.3.a.1.r,1,1,doubledirection,,,
5.4.3.b.1.f,"([NH2:1][CH2:2][CH,CH2,CH3:3])>>([CH3:2][C:3][NH2:1])",5.4.3.b.1.f,1,1,doubledirection,,,
5.4.3.b.1.r,([CH3:2][C:3][NH2:1])>>([NH2:1][CH2:2][C:3]),5.4.3.b.1.r,1,1,doubledirection,,,
5.4.99.a.1.f,([*:1][CH:2]([CH3:3])[C:4](=[O:5])[OH:10])>>([*:1][CH2:2][CH2:3][C:4](=[O:5])[OH:10]),5.4.99.a.1.f,1,1,doubledirection,,,
5.4.99.a.1.r,([*:1][CH2:2][CH2:3][C:4](=[O:5])[OH:10])>>([*:1][CH:2]([CH3:3])[C:4](=[O:5])[OH:10]),5.4.99.a.1.r,1,1,doubledirection,,,
6.4.1.a.1.f,"([O:1]=[C:2][CH,CH2,CH3:3].[OH:4][C:5](=[O:6])[OH:7])>>([O:1]=[C:2][C:3][C:5](=[O:6])[OH:7].[OH2:4])",6.4.1.a.1.f,1,1,doubledirection,,,
6.4.1.a.1.r,([O:1]=[C:2][C:3][C:5](=[O:6])[OH:7].[OH2:4])>>([O:1]=[C:2][C:3].[OH:4][C:5](=[O:6])[OH:7]),6.4.1.a.1.r,1,1,doubledirection,,,
9.9.9.a.1.f,([C:1]=[C:2][C:3]=[C:4].[CH2:5]=[CH:6][CH:7]=[O:8])>>([C:1]1[C:2]=[C:3][C:4][CH2:5][CH:6]1[CH:7]=[O:8]),9.9.9.a.1.f,1,1,doubledirection,,,
9.9.9.a.1.r,([C:1]1[C:2]=[C:3][C:4][CH2:5][CH:6]1[CH:7]=[O:8])>>([C:1]=[C:2][C:3]=[C:4].[CH2:5]=[CH:6][CH:7]=[O:8]),9.9.9.a.1.r,1,1,doubledirection,,,
9.9.9.a.2.f,([C:1]=[C:2][C:3]=[C:4].[CH2:5]=[CH:6][C:7]#[N:8])>>([C:1]1[C:2]=[C:3][C:4][CH2:5][CH:6]1[C:7]#[N:8]),9.9.9.a.2.f,1,1,doubledirection,,,
9.9.9.a.2.r,([C:1]1[C:2]=[C:3][C:4][CH2:5][CH:6]1[C:7]#[N:8])>>([C:1]=[C:2][C:3]=[C:4].[CH2:5]=[CH:6][C:7]#[N:8]),9.9.9.a.2.r,1,1,doubledirection,,,
9.9.9.a.3.f,([C:1]=[C:2][C:3]=[C:4].[CH2:5]=[CH:6][CH2:9][CH:7]=[O:8])>>([C:1]1[C:2]=[C:3][C:4][CH2:5][CH:6]1[CH2:9][CH:7]=[O:8]),9.9.9.a.3.f,1,1,doubledirection,,,
9.9.9.a.3.r,([C:1]1[C:2]=[C:3][C:4][CH2:5][CH:6]1[CH2:9][CH:7]=[O:8])>>([C:1]=[C:2][C:3]=[C:4].[CH2:5]=[CH:6][CH2:9][CH:7]=[O:8]),9.9.9.a.3.r,1,1,doubledirection,,,
9.9.9.a.4.f,([C:1]=[C:2][C:3]=[C:4].[CH2:5]=[CH:6][CH2:9][C:7]#[N:8])>>([C:1]1[C:2]=[C:3][C:4][CH2:5][CH:6]1[CH2:9][C:7]#[N:8]),9.9.9.a.4.f,1,1,doubledirection,,,
9.9.9.a.4.r,([C:1]1[C:2]=[C:3][C:4][CH2:5][CH:6]1[CH2:9][C:7]#[N:8])>>([C:1]=[C:2][C:3]=[C:4].[CH2:5]=[CH:6][CH2:9][C:7]#[N:8]),9.9.9.a.4.r,1,1,doubledirection,,,
9.9.9.a.5.f,([C:1]=[C:2][C:3]=[C:4].[CH2:5]=[CH:6][Cl:7])>>([C:1]1[C:2]=[C:3][C:4][CH2:5][CH:6]1[Cl:7]),9.9.9.a.5.f,1,1,doubledirection,,,
9.9.9.a.5.r,([C:1]1[C:2]=[C:3][C:4][CH2:5][CH:6]1[Cl:7])>>([C:1]=[C:2][C:3]=[C:4].[CH2:5]=[CH:6][Cl:7]),9.9.9.a.5.r,1,1,doubledirection,,,
9.9.9.a.6.f,([C:1]=[C:2][C:3]=[C:4].[CH2:5]=[CH:6][CH2:8][Cl:7])>>([C:1]1[C:2]=[C:3][C:4][CH2:5][CH:6]1[CH2:8][Cl:7]),9.9.9.a.6.f,1,1,doubledirection,,,
9.9.9.a.6.r,([C:1]1[C:2]=[C:3][C:4][CH2:5][CH:6]1[CH2:8][Cl:7])>>([C:1]=[C:2][C:3]=[C:4].[CH2:5]=[CH:6][CH2:8][Cl:7]),9.9.9.a.6.r,1,1,doubledirection,,,
9.9.9.a.7.f,([C:1]=[C:2][C:3]=[C:4].[CH2:5]=[CH:6][CH:8]=[CH2:7])>>([C:1]1[C:2]=[C:3][C:4][CH2:5][CH:6]1[CH:8]=[CH2:7]),9.9.9.a.7.f,1,1,doubledirection,,,
9.9.9.a.7.r,([C:1]1[C:2]=[C:3][C:4][CH2:5][CH:6]1[CH:8]=[CH2:7])>>([C:1]=[C:2][C:3]=[C:4].[CH2:5]=[CH:6][CH:8]=[CH2:7]),9.9.9.a.7.r,1,1,doubledirection,,,
9.9.9.a.8.f,([C:1]=[C:2][C:3]=[C:4].[CH2:5]=[CH:6][CH2:7][OH:8])>>([C:1]1[C:2]=[C:3][C:4][CH2:5][CH:6]1[CH2:7][OH:8]),9.9.9.a.8.f,1,1,doubledirection,,,
9.9.9.a.8.r,([C:1]1[C:2]=[C:3][C:4][CH2:5][CH:6]1[CH2:7][OH:8])>>([C:1]=[C:2][C:3]=[C:4].[CH2:5]=[CH:6][CH2:7][OH:8]),9.9.9.a.8.r,1,1,doubledirection,,,
9.9.9.a.9.f,([C:1]=[C:2][C:3]=[C:4].[CH2:5]=[CH:6][C:7](=[O:8])[OH:9])>>([C:1]1[C:2]=[C:3][C:4][CH2:5][CH:6]1[C:7](=[O:8])[OH:9]),9.9.9.a.9.f,1,1,doubledirection,,,
9.9.9.a.9.r,([C:1]1[C:2]=[C:3][C:4][CH2:5][CH:6]1[C:7](=[O:8])[OH:9])>>([C:1]=[C:2][C:3]=[C:4].[CH2:5]=[CH:6][C:7](=[O:8])[OH:9]),9.9.9.a.9.r,1,1,doubledirection,,,
9.9.9.c.1.f,([C:1][C:2](=[O:3])[CH2:4][C:5]=[C:6][C:7].[O:8]=[C:9]([OH:10])[C:11](=[O:12])[C:13])>>([C:1][C:2](=[O:3])[CH2:4][C:5][CH:6]([C:7])[C:11](=[O:12])[C:13].[O:8]=[C:9]=[O:10]),9.9.9.c.1.f,1,1,doubledirection,,,
9.9.9.c.1.r,([C:1][C:2](=[O:3])[CH2:4][C:5][CH:6]([C:7])[C:11](=[O:12])[C:13].[O:8]=[C:9]=[O:10])>>([C:1][C:2](=[O:3])[CH2:4][C:5]=[C:6][C:7].[O:8]=[C:9]([OH:10])[C:11](=[O:12])[C:13]),9.9.9.c.1.r,1,1,doubledirection,,,
9.9.9.c.2.f,([C:1][C:2](=[O:3])[CH2:4][C:5]=[C:6][C:7].[O:8]=[C:9]([OH:10])[CH:11]=[O:12])>>([C:1][C:2](=[O:3])[CH2:4][C:5][CH:6]([C:7])[CH:11]=[O:12].[O:8]=[C:9]=[O:10]),9.9.9.c.2.f,1,1,doubledirection,,,
9.9.9.c.2.r,([C:1][C:2](=[O:3])[CH2:4][C:5][CH:6]([C:7])[CH:11]=[O:12].[O:8]=[C:9]=[O:10])>>([C:1][C:2](=[O:3])[CH2:4][C:5]=[C:6][C:7].[O:8]=[C:9]([OH:10])[CH:11]=[O:12]),9.9.9.c.2.r,1,1,doubledirection,,,
0.0.0.a.1.f,([CH2:1][CH:2]=[CH:3][CH2:4])>>([CH:1]=[CH:2][CH:3]([O:5][OH:6])[CH2:4]),0.0.0.a.1.f,1,1,other,,,
0.0.1.a.1.f,([CH:1]=[CH:2][CH:3]([O:5][OH:6])[CH2:4])>>([CH:1][CH:2]=[O:6].[CH:3](=[O:5])[CH2:4]),0.0.1.a.1.f,1,1,other,,,
